crawl_id,crawled_at,source_url,final_url,http_status,page_type,page_title,h1,meta_description,business_name_detected,address_detected,postcode_detected,phones_detected,emails_detected,footer_text,company_number_detected,vat_number_detected,fca_frn_detected,finance_calculator,finance_lenders_detected,representative_apr,website_platform,cms_version,google_rating,google_review_count,trustpilot_score,facebook_url,instagram_url,opening_hours_raw,stock_count_detected,part_exchange,warranty_offered,cookie_banner,word_count,response_ms,content_hash,lang
CRW-00004,2026-09-19T17:23:00Z,http://www.leicesterautos.co.uk/,https://www.leicesterautos.co.uk/,200,home,Used Cars Leicester | Leicester Autos,Welcome to Leicester Autos,,Leicester Autos,"76 Parkway, Leicester, LE19 9UQ",,+441164960785,,"Leicester Autos Limited t/a Leicester Autos Registered in England & Wales No. 11468952 VAT No. GB 410798158 We are a credit broker, not a lender. Registered office: 2nd Floor, Carlton Chambers, Leeds",11468952,410798158,,AutoQuote,"Harbour Finance, Northbridge Motor Finance",12.9% APR Representative,Wix,,3.8,191,,,,Monday to Saturday 9-5.30,,,12 month warranty,yes,2340,497,05ff541a79fadd07829cc07d7e34917b,en
CRW-00102,2026-09-20T02:36:00Z,http://www.valuecarsupermarket.co.uk/contact-us,https://www.valuecarsupermarket.co.uk/contact-us,200,contact,Value Car Supermarket - Contact,Value Car Supermarket,"Find your next car at Value Car Supermarket, Edinburgh. Finance available.",,"Northgate Retail Park, 25 Ring Road, Edinburgh, EH12 2PQ",EH12 2PQ,"+44 131 496 0204,07700 900603",hello@valuecarsupermarket.co.uk,© Value Car Supermarket 2025 | Registered in Scotland No. SC100839 | Firm Reference Number 953701,SC100839,,953701,,,,Wix,,4.6,486,3.6,https://www.facebook.com/valuecarsupermarket,,By appointment,,yes,,false,533,2727,f93580ab5c0b2e9a8c69067c653a992e,en-US
CRW-00076,2026-09-22T22:32:00Z,http://www.fairbrothercarsales.com/finance,https://www.fairbrothercarsales.com/finance,200,finance,Fairbrother Car Sales - Finance,Quality used cars in Liverpool,"Find your next car at Fairbrother Car Sales, Liverpool. Finance available.",Fairbrother Car Sales,"The Old Foundry, 8 Mill Lane, Liverpool, Merseyside, L20 8YE",L208YE,0151 496 0184,enquiries@fairbrothercarsales.com;finance@fairbrothercarsales.com,"© 2026 Fairbrother Car Sales Limited. All rights reserved. | Co. No 05860635 | VAT Reg: GB197604333 | We are authorised and regulated by the FCA (938657). | Registered office: Suite 4, Albion House, Macclesfield",05860635,GB197604333,938657,PayMonthly Widget,,11.9% APR Representative,CarCMS,4.9.18,,,,,https://instagram.com/fairbrothercar,"Mon-Fri 9am-6pm, Sat 9am-5pm, Sun Closed",,,12 month warranty,0,2387,2259,f4c55e6c7db52a4f69fac4a9e771ea6e,en-GB
CRW-00100,2026-08-28T11:37:00Z,https://cromptoncarslondon.co.uk/,https://cromptoncarslondon.co.uk/,200,home,Welcome to Crompton Cars,,"Find your next car at Crompton Cars, London. Finance available.",Crompton Cars,"Unit 23A, Northgate Retail Park, Junction Road, London, SE28 5RP",SE28 5RP,"020 7946 0011,+44 7700 900891",sales@cromptoncarslondon.co.uk,"Crompton Cars Limited t/a Crompton Cars Registered in England & Wales No. 10760941 Registered office: Unit 23A, Northgate Retail Park, London",10760941,,,QuoteWare,,Representative APR 19.9%,DealerSites UK,6.8.4,,,4.1,,https://instagram.com/cromptoncars,Monday to Saturday 9-5.30,135,yes,,TRUE,2370,1476,6b6fae938fee84a26cd8ee7cd7a463d0,
CRW-00128,2026-08-28T09:10:00Z,http://www.inghamandsonsbolton.co.uk/contact-us,https://www.inghamandsonsbolton.co.uk/contact-us,200,contact,Welcome to Ingham & Sons,Quality used cars in Bolton,Ingham & Sons are an independent used car dealer based in Bolton.,INGHAM & SONS,"Phoenix Court, Moor Lane, Bolton, Greater Manchester, BL3 2BL",BL32BL,01632960184,hello@inghamandsonsbolton.co.uk,Ingham & Sons (UK) Limited t/a Ingham & Sons Company number 04743925 VAT: GB 437144164 We are authorised and regulated by the FCA (721341).,,GB 437144164,721341,,,,,,3.9/5,492,,https://www.facebook.com/inghamandsons,,,,,,true,2293,2465,f3aa11d5a2021b807a435bc4ee64fa72,
CRW-00077,2026-09-04T20:10:00Z,https://fairbrothercarsales.com/,https://fairbrothercarsales.com/,200,home,Fairbrother Car Sales - Home,Quality used cars in Liverpool,Fairbrother Car Sales are an independent used car dealer based in Liverpool.,Fairbrother Car Sales,"The Old Foundry, 8 Mill Lane, Liverpool, L20 8YE",L20 8YE,0151 496 0184,enquiries@fairbrothercarsales.com;service@fairbrothercarsales.com,Fairbrother Car Sales Limited t/a Fairbrother Car Sales Registered in England & Wales No. 05860635 VAT: GB 197 6043 33 Firm Reference Number 938657,05860635,GB 197 6043 33,938657,PayMonthly Widget,Pennine Vehicle Finance; Lantern Motor Finance,11.9%,CarCMS,,,,,https://www.facebook.com/fairbrothercarsales,,By appointment,130,true,,false,1658,2010,de6e1fdda958de02a5e582ef2ebcbe92,
CRW-00039,2026-08-28T23:09:00Z,https://peakcars.co.uk/about-us,https://peakcars.co.uk/about-us,200,about,PEAK CARS | Quality Used Cars,Welcome to Peak Cars,Peak Cars are an independent used car dealer based in Preston.,Peak Cars,"Northgate Retail Park, King Street, Preston, Lancashire, PR2 3RF",PR2 3RF,0044 1632 960768 | +44 7700 900432,hello@peakcars.co.uk,Copyright Peak Cars Limited 2024 Company Reg: 08849692 FCA FRN: 974441,08849692,,974441,,,,CarCMS,,4.3,725 reviews,,,,"Mon-Fri 9am-6pm, Sat 9am-5pm, Sun Closed",,true,yes,true,1290,475,11c18fa80c0f2c65684efa25a3f739fe,en-GB
CRW-00119,2026-09-26T15:44:00Z,https://bradycarsalesstockport.co.uk/used-cars,https://bradycarsalesstockport.co.uk/used-cars,200,stock,Brady Car Sales - Stock,,,BRADY CAR SALES,,,01632 960267; 07700 900779,,© Brady Car Sales 2024 | Co. No 2619132 | We are authorised and regulated by the FCA (666988).,2619132,,,,,,Squarespace,5.3.18,,,,,,Monday to Saturday 9-5.30,,Y,3 months,true,128,281,4e2676badf534793bf94de9c92710f57,en-GB
CRW-00046,2026-08-27T05:51:00Z,https://birtwistlemotorcompany.uk/used-cars,https://birtwistlemotorcompany.uk/used-cars,200,stock,BIRTWISTLE MOTOR COMPANY | Quality Used Cars,Birtwistle Motor Company,"Find your next car at Birtwistle Motor Company, Newcastle upon Tyne. Finance available.",,,,01914980305,hello@birtwistlemotorcompany.uk;birtwistle9@gmail.com,© Birtwistle Motor Company 2026 | Company Reg: 02978309 | VAT Registration Number GB121385692,02978309,,,FinanceCalc Pro,Lantern Motor Finance|Albion Auto Credit|Pennine Vehicle Finance,,DealerSites UK,,,,,,,By appointment,145,true,12 month warranty,0,281,1204,0e5eac3fea5e77556947723baec46f35,en-GB
CRW-00049,2026-09-27T00:08:00Z,http://www.whitworthcars.co.uk/contact-us,https://www.whitworthcars.co.uk/contact-us,200,contact,Whitworth Cars | Used Cars in Birmingham,Quality used cars in Birmingham,"Find your next car at Whitworth Cars, Birmingham. Finance available.",Whitworth Cars Limited,"Unit 16, Meadow Industrial Estate, Mill Lane, Birmingham, West Midlands, B24 1QN",,0121 496 0332,hello@whitworthcars.co.uk,"© Whitworth Cars 2024 | Company Reg: 05306934 | VAT No. GB504965732 | Firm Reference Number 833091 | Registered office: Unit 16, Meadow Industrial Estate, Birmingham",05306934,504965732,,,,,DealerSites UK,,4.6/5,873 reviews,,,https://instagram.com/whitworthcars,,,Y,no,0,2213,428,7eae50e987eb22147c1c2c02f33216b7,en-GB
CRW-00083,2026-09-28T08:00:00Z,https://www.yardleycarcentre.uk/about-us,https://www.yardleycarcentre.uk/about-us,200,about,Used Cars Liverpool | Yardley Car Centre,,"Find your next car at Yardley Car Centre, Liverpool. Finance available.",Yardley Car Centre Limited,,,"0151 496 0042,07700900301",contact@yardleycarcentre.uk,Yardley Car Centre Limited t/a Yardley Car Centre Co. No 02161484 We are authorised and regulated by the FCA (775812).,02161484,,775812,,,,Motorsite,5.5.3,3.9,310,,,,Mon - Sat: 09:00 - 18:00 Sunday: 10:00 - 16:00,,Y,yes,false,793,725,fecaa033680737e1559fad59c5677458,en-GB
CRW-00097,2026-08-25T06:00:00Z,https://rigbyandgarside.co.uk/,https://rigbyandgarside.co.uk/,200,home,Rigby & Garside - Home,,Rigby & Garside are an independent used car dealer based in Bolton.,,"Kingsway Trading Estate, Parkway, Bolton, Greater Manchester, BL1 3YL",BL1 3YL,+44 1632 960802,hello@rigbyandgarside.co.uk,© Rigby & Garside 2026 | Registered in England & Wales No. 03137357 | VAT: GB465239041 | We are authorised and regulated by the FCA (862938).,,GB465239041,862938,FinanceCalc Pro,,,Wix,,4.2/5,228,,https://www.facebook.com/rigbyandgarside,,,207,yes,yes,TRUE,1651,1392,9975badac0844def7c8b04f2e1bb1c52,
CRW-00115,2026-08-31T17:17:00Z,https://moorcroftmotorcompany.co.uk/,https://moorcroftmotorcompany.co.uk/,200,home,MOORCROFT MOTOR COMPANY | Quality Used Cars,Welcome to Moorcroft Motor Company,,MOORCROFT MOTOR COMPANY,"The Old Foundry, 19-85 Marsh Lane, Glasgow, G51 6SZ",G516SZ,01414960326; 07700 900479,info@moorcroftmotorcompany.co.uk;parts@moorcroftmotorcompany.co.uk,"Copyright Moorcroft Motor Company Limited 2025 Company number SC496220 VAT Registration Number 997246364 Firm Reference Number 825067 Registered office: The Old Foundry, Glasgow",SC496220,997246364,997246,FinanceCalc Pro,Albion Auto Credit|Lantern Motor Finance,12.9% APR Representative,Wix,,4.1,341,,,,Mon - Sat: 09:00 - 18:00 Sunday: 10:00 - 16:00,35,true,yes,false,1561,3008,9deb4749ce119df514f6c8b603a41465,
CRW-00110,2026-08-20T07:54:00Z,http://www.sycarssheffield.co.uk/,https://www.sycarssheffield.co.uk/,200,home,SY CARS | Quality Used Cars,,"Find your next car at SY Cars, Sheffield. Finance available.",SY Automotive Limited,"2 Chapel Street, Sheffield, S35 6NJ",S356NJ,0114 496 0502,enquiries@sycarssheffield.co.uk;parts@sycarssheffield.co.uk,"Copyright SY Automotive Limited 2024 Co. No 9536970 VAT Reg: GB 859322600 We are authorised and regulated by the FCA (928359). Registered office: 2 Chapel Street, Sheffield",9536970,GB 859322600,,,,,WordPress,,4.7,724,4.0,,,,111,true,12 month warranty,1,359,2555,e8b7e6f75f815e64afc03ddf57cb3e61,en-GB
CRW-00027,2026-08-30T10:48:00Z,https://www.ogdenmotorcompany.uk/,https://www.ogdenmotorcompany.uk/,200,home,Ogden Motor Company | Used Cars in Leek,Welcome to Ogden Motor Company,"Find your next car at Ogden Motor Company, Leek. Finance available.",Ogden Motor Company,"Phoenix Court, 23-106 Chapel Street, Leek, Staffordshire, ST13 4RF",ST13 4RF,0044 1632 960631,contact@ogdenmotorcompany.uk,"© Ogden Motor Company 2024 Company number 06028865 Firm Reference Number 825710 Registered office: 2nd Floor, Carlton Chambers, Leeds",06028865,,825710,,,,DealerSites UK,4.8.15,,,3.5,,https://instagram.com/ogdenmotorcomp,Mon - Sat: 09:00 - 18:00 Sunday: 10:00 - 16:00,150,Y,yes,false,1795,943,23cd54a696cc6419ecc2bd41a924c417,en
CRW-00139,2026-08-28T11:36:00Z,http://www.holroydvehiclesales.co.uk/contact-us,https://www.holroydvehiclesales.co.uk/contact-us,200,contact,Welcome to Holroyd Vehicle Sales,Holroyd Vehicle Sales,,HOLROYD VEHICLE SALES,"Unit 26, Northgate Retail Park, Chapel Street, Leeds, LS6 8ZP",LS6 8ZP,0113 496 0229,info@holroydvehiclesales.co.uk,"© 2024 KWG Vehicle Sales Limited. All rights reserved. | Company Reg: 05432434 | VAT Reg: GB 912511757 | FCA FRN: 832436 | Registered office: Unit 26, Northgate Retail Park, Leeds",05432434,GB 912511757,,,,,Squarespace,,3.8,520,5.0,,,Mon - Sat: 09:00 - 18:00 Sunday: 10:00 - 16:00,,1,3 months,,2072,2123,f54f1dcf6333c530e612391af7ef6a90,
CRW-00171,2026-09-10T09:27:00Z,https://greenacreautos34.co.uk/,https://greenacreautos34.co.uk/,200,home,greenacreautos34.co.uk is for sale,This domain may be for sale,,,,,,,"Parked free, courtesy of a domain registrar.",,,,,,,,,,,,,,,,,,0,34,374,44df5a7bcd01c902210512db38b54a2b,en-GB
CRW-00036,2026-09-11T21:08:00Z,https://cucars.co.uk/used-cars,https://cucars.co.uk/used-cars,200,stock,CU Cars | Used Cars in Birmingham,Welcome to CU Cars,CU Cars are an independent used car dealer based in Birmingham.,CU Cars Limited,,,+44 121 496 0774; 07700 900897,contact@cucars.co.uk,CU Cars Limited t/a CU Cars | VAT Reg: GB553848805 | Firm Reference Number 991067,,GB553848805,991067,AutoQuote,Northbridge Motor Finance,14.9,Squarespace,,3.5,514,,https://www.facebook.com/cucars,,,24,,12 month warranty,0,968,2715,6ddf0ae36e817f3c4f0e83c7b69f1374,en-GB
CRW-00099,2026-09-20T20:50:00Z,https://www.cromptoncarslondon.co.uk/finance,https://www.cromptoncarslondon.co.uk/finance,200,finance,Used Cars London | Crompton Cars,Quality used cars in London,"Find your next car at Crompton Cars, London. Finance available.",CROMPTON CARS,,,020 7946 0011; 07700 900891,sales@cromptoncarslondon.co.uk;service@cromptoncarslondon.co.uk,"© 2025 Crompton Cars Limited. All rights reserved. | Registered office: Unit 23A, Northgate Retail Park, London",,,,QuoteWare,Northbridge Motor Finance; Albion Auto Credit,,DealerSites UK,,,,4.2,,https://instagram.com/cromptoncars,By appointment,,,no,yes,762,2869,cf0b824a690eef6a1de21d78af078804,en-GB
CRW-00007,2026-09-10T06:41:00Z,http://www.regalautos.co.uk/finance,https://www.regalautos.co.uk/finance,200,finance,Used Cars Cardiff | Regal Autos,Regal Autos,,Regal Autos,,,0044 29 2018 0112,,Copyright Regal Autos Limited 2025 Company number 13905195 VAT: GB 410646091 Firm Reference Number 697252,,,697252,autoquote,Keystone Car Credit|Albion Auto Credit|Northbridge Motor Finance,19.9,Motorsite,,,,,https://www.facebook.com/regalautos,,,,yes,12 month warranty,,1401,1426,583901f297a6bb8c834094be6c57c0d1,en
CRW-00058,2026-08-25T23:10:00Z,https://apexautocentrechesterfield.co.uk/used-cars,https://apexautocentrechesterfield.co.uk/used-cars,200,stock,Welcome to Apex Autocentre,Quality used cars in Chesterfield,,Apex Autocentre Limited,"Northgate Retail Park, 11 Chapel Street, Chesterfield, S40 6TZ",,(01632) 960529,hello@apexautocentrechesterfield.co.uk,© Apex Autocentre 2024 Registered in England & Wales No. 3820828 VAT Registration Number GB708878585 FCA FRN: 788449,,708878585,,,,,CarCMS,4.5.20,3.9,351,3.4,https://www.facebook.com/apexautocentre,,Monday to Saturday 9-5.30,,1,3 months,0,924,252,e92b0c8000c7aab51af8e7e0ed101369,en
CRW-00028,2026-09-12T08:39:00Z,https://ogdenmotorcompany.uk/about-us,https://ogdenmotorcompany.uk/about-us,200,about,Used Cars Leek | Ogden Motor Company,Welcome to Ogden Motor Company,"Find your next car at Ogden Motor Company, Leek. Finance available.",Ogden Motor Company,,,+44 1632 960631,,"XJI Vehicle Sales Limited t/a Ogden Motor Company | Company Reg: 6028865 | VAT Registration Number 994 0985 62 | We are authorised and regulated by the FCA (825710). | Registered office: 2nd Floor, Carlton Chambers, Leeds",6028865,994 0985 62,825710,,,,,,,,,https://www.facebook.com/ogdenmotorcompany,https://instagram.com/ogdenmotorcomp,By appointment,,Y,12 month warranty,,1395,1382,8341b21966acca4a291636e575358e18,en-US
CRW-00136,2026-09-25T00:29:00Z,https://www.valuemotors.co.uk/finance,https://www.valuemotors.co.uk/finance,200,finance,Welcome to Value Motors,Welcome to Value Motors,Value Motors are an independent used car dealer based in Liverpool.,Value Motors,,,0151 496 0091,info@valuemotors.co.uk,Value Motors (UK) Limited t/a Value Motors Company number 6890861 VAT: GB 548 5091 24 Authorised and regulated by the Financial Conduct Authority FRN 986634.,6890861,,,,,,CarCMS,,,,,,https://instagram.com/valuemotors,,,true,,yes,2116,1970,033a9df811f55c720d8c6274684d0f19,en-GB
CRW-00062,2026-09-04T05:03:00Z,https://cpcars.co.uk/finance,https://cpcars.co.uk/finance,200,finance,CP Cars | Used Cars in Glasgow,CP Cars,CP Cars are an independent used car dealer based in Glasgow.,CP Cars Limited,,,0141 496 0089,enquiries@cpcars.co.uk;cp@cpcars.co.uk,"CP Cars Limited t/a CP Cars Company number SC385182 VAT No. GB747147320 We are authorised and regulated by the FCA (983260). Registered office: Northgate Retail Park, Glasgow",,,983260,FinanceCalc Pro,Lantern Motor Finance|Keystone Car Credit|Albion Auto Credit,10.9% APR Representative,WordPress,,,,,https://www.facebook.com/cpcars,,Monday to Saturday 9-5.30,,1,no,,2230,2066,89e8def837fb7046b695366cce704c5e,en
CRW-00061,2026-09-23T10:34:00Z,https://cpcars.co.uk/used-cars,https://cpcars.co.uk/used-cars,200,stock,CP CARS | Quality Used Cars,,CP Cars are an independent used car dealer based in Glasgow.,CP Cars Limited,"Northgate Retail Park, Mill Lane, Glasgow, G72 8TW",G72 8TW,0141 496 0089,enquiries@cpcars.co.uk;cpcars84@gmail.com,Copyright CP Cars Limited 2025 | Company Reg: SC385182 | VAT Reg: 747147320 | Authorised and regulated by the Financial Conduct Authority FRN 983260.,SC385182,747147320,983260,FinanceCalc Pro,Lantern Motor Finance; Keystone Car Credit; Albion Auto Credit,Representative APR 10.9%,WordPress,6.6.18,4.8,897,,https://www.facebook.com/cpcars,https://instagram.com/cpcars,Monday to Saturday 9-5.30,95,true,no,,751,1718,e27ef0729dc60ed8dc59de2d6beca7ac,en-US
CRW-00034,2026-09-01T20:37:00Z,http://www.lrcars.co.uk/used-cars,https://www.lrcars.co.uk/used-cars,200,stock,LR Cars - Stock,Welcome to LR Cars,"Find your next car at LR Cars, Hanley. Finance available.",LR Cars,,,01632 960154; 07700 900163,,"© LR Cars 2024 | Company Reg: 02404769 | Firm Reference Number 778353 | Registered office: 5 Junction Road, Hanley",02404769,,778353,PayMonthly Widget,Northbridge Motor Finance; Pennine Vehicle Finance,,,,4.0,690,,,,By appointment,126,,yes,0,1084,837,b7c1fb61e11b018da9d7cd11f0c20967,en-GB
CRW-00068,2026-09-01T23:04:00Z,https://wolstenholmeandsonsderby.co.uk/finance,https://wolstenholmeandsonsderby.co.uk/finance,200,finance,Welcome to Wolstenholme & Sons,Wolstenholme & Sons,"Find your next car at Wolstenholme & Sons, Derby. Finance available.",WOLSTENHOLME & SONS,,,"01632960148,+447700900595",contact@wolstenholmeandsonsderby.co.uk;service@wolstenholmeandsonsderby.co.uk,© 2024 Rigby Holdings Limited. All rights reserved. Company Reg: 09071633 VAT Registration Number 310417217 Firm Reference Number 682118,,,310417,FinanceCalc Pro,Northbridge Motor Finance|Lantern Motor Finance,Representative APR 14.9%,WordPress,,3.4,12,,https://www.facebook.com/wolstenholmeandsons,https://instagram.com/wolstenholmean,Monday to Saturday 9-5.30,,,yes,0,862,1144,a2c750f204bd470a05152f3813194917,en-US
CRW-00113,2026-09-24T07:28:00Z,https://carvercarsalesderby.co.uk/used-cars,https://carvercarsalesderby.co.uk/used-cars,200,stock,CARVER CAR SALES | Quality Used Cars,Welcome to Carver Car Sales,,,,,01632960080,,© Carver Car Sales 2026 FCA FRN: 608422,,,,FinanceCalc Pro,,11.9%,,2.3.11,,,,,https://instagram.com/carvercarsales,,83,Y,3 months,yes,281,2855,29d12467208004d88bec40896ee6623d,en-GB
CRW-00168,2026-08-30T09:44:00Z,https://www.ukcardealerdirectory.example/cheshire?page=7,https://www.ukcardealerdirectory.example/cheshire?page=7,200,directory,Car Dealers Near You | UK Car Dealer Directory,,,UK Car Dealer Directory,Glasgow / Leicester / Leicester,,+441414960326 | 0116 496 0660 | 0116 496 0426,,© 2026 UK Car Dealer Directory Ltd. Listings are provided by third parties.,,,,,,,,,,,,,,,,,,TRUE,290,1646,b773d3f580a08653135b903ac02e210c,en
CRW-00009,2026-09-04T06:37:00Z,https://walmsleycars.co.uk/about-us,https://walmsleycars.co.uk/about-us,200,about,WALMSLEY CARS | Quality Used Cars,Welcome to Walmsley Cars,Walmsley Cars are an independent used car dealer based in Leicester.,Walmsley Cars,,,01164960426 | 07700900924,contact@walmsleycars.co.uk,Copyright Walmsley Cars Limited 2024 Registered in England & Wales No. 09423474 VAT Reg: 886423001 Authorised and regulated by the Financial Conduct Authority FRN 822701.,,886423001,822701,,,,AutoWeb Pro,,3.6,366,,,,"Mon-Fri 9am-6pm, Sat 9am-5pm, Sun Closed",,,,false,942,197,673bd2673462b33cb2767fbf2c9efe5f,en-US
CRW-00117,2026-09-12T08:49:00Z,https://www.honestcarsupermarket.co.uk/finance,https://www.honestcarsupermarket.co.uk/finance,200,finance,Welcome to Honest Car Supermarket,Welcome to Honest Car Supermarket,Honest Car Supermarket are an independent used car dealer based in Cardiff.,Honest Car Supermarket,,,+44 29 2018 0710,,"Copyright Honest Car Supermarket (UK) Limited 2025 | Registered in England & Wales No. 03643696 | VAT Registration Number GB 523180673 | Firm Reference Number 651164 | Registered office: Phoenix Court, Cardiff",,523180673,651164,AutoQuote,Lantern Motor Finance,Representative APR 9.9%,CarCMS,5.3.16,4.2,529,,,https://instagram.com/honestcarsuper,By appointment,,1,no,TRUE,1723,357,1a65abf5ff90da8f941eeb84d85e00d2,en
CRW-00125,2026-08-22T11:00:00Z,http://www.carverandsons.com/about-us,https://www.carverandsons.com/about-us,200,about,Carver & Sons - About,,"Find your next car at Carver & Sons, Birmingham. Finance available.",Carver & Sons,"The Old Foundry, Parkway, Birmingham, B6 5BF",B65BF,0121 496 0959,info@carverandsons.com,"© 2024 Carver & Sons Limited. All rights reserved. VAT: 697 5797 44 We are a credit broker, not a lender.",,697 5797 44,,,,,DealerSites UK,,3.4,802,3.7,,https://instagram.com/carverandsons,By appointment,,Y,yes,false,1620,1013,5f76e45b69295a7cdaaa49293d121774,en
CRW-00105,2026-09-11T19:59:00Z,https://qualitycars.uk/about-us,https://qualitycars.uk/about-us,200,about,Welcome to Quality Cars,,,Quality Cars,"Kingsway Trading Estate, 18 Bath Street, Birmingham, West Midlands, B44 8JJ",B44 8JJ,01214960668,enquiries@qualitycars.uk;parts@qualitycars.uk,"© 2024 Quality Cars Limited. All rights reserved. | VAT Registration Number GB 710017107 | FCA FRN: 628560 | Registered office: Kingsway Trading Estate, Birmingham",,710017107,,,,,CarCMS,,4.1,86,,https://www.facebook.com/qualitycars,,"Mon-Fri 9am-6pm, Sat 9am-5pm, Sun Closed",,Y,,,2208,2234,e1b2f05ba83e91fc160da07061ef3695,en-US
CRW-00074,2026-09-25T17:09:00Z,http://www.garsideandsonsreading.co.uk/used-cars,https://www.garsideandsonsreading.co.uk/used-cars,200,stock,GARSIDE & SONS | Quality Used Cars,Welcome to Garside & Sons,,GARSIDE & SONS,"Unit 22A, Kingsway Trading Estate, Station Road, Reading, RG30 4UY",,0118 496 0384,contact@garsideandsonsreading.co.uk,© Garside & Sons 2024 | Company number 10278464,10278464,,,QuoteWare,Harbour Finance; Northbridge Motor Finance,,CarCMS,,,,,,,By appointment,,true,no,TRUE,297,169,670d429f5c2da8d2d9287b8cdb799f2e,
CRW-00041,2026-09-18T19:05:00Z,https://www.bennettandjarvis.co.uk/contact-us,https://www.bennettandjarvis.co.uk/contact-us,200,contact,Bennett & Jarvis | Used Cars in Stoke-on-Trent,Welcome to Bennett & Jarvis,"Find your next car at Bennett & Jarvis, Stoke-on-Trent. Finance available.",Bennett & Jarvis,"9 Mount Pleasant, Stoke-on-Trent, Staffordshire, ST1 9FJ",ST1 9FJ,+44 1632 960628,enquiries@bennettandjarvis.co.uk,"© Bennett & Jarvis 2025 Company Reg: 09561719 Registered office: 2nd Floor, Carlton Chambers, Leeds",09561719,,,,,,,,4.6,135,,https://www.facebook.com/bennettandjarvis,https://instagram.com/bennettandjarv,"Mon-Fri 9am-6pm, Sat 9am-5pm, Sun Closed",,true,,TRUE,390,2298,60b6e13654d324e9a7ac99ec050a31fc,en-GB
CRW-00040,2026-09-04T12:47:00Z,http://www.bennettandjarvis.co.uk/,https://www.bennettandjarvis.co.uk/,200,home,BENNETT & JARVIS | Quality Used Cars,Welcome to Bennett & Jarvis,"Find your next car at Bennett & Jarvis, Stoke-on-Trent. Finance available.",BENNETT & JARVIS,"9 Mount Pleasant, Stoke-on-Trent, ST1 9FJ",,01632 960628,enquiries@bennettandjarvis.co.uk;finance@bennettandjarvis.co.uk,"© Bennett & Jarvis 2024 | Registered in England & Wales No. 09561719 | Registered office: 2nd Floor, Carlton Chambers, Leeds",,,,AutoQuote,Pennine Vehicle Finance; Harbour Finance,13.9%,Squarespace,3.4.10,4.6/5,135,,https://www.facebook.com/bennettandjarvis,https://instagram.com/bennettandjarv,Monday to Saturday 9-5.30,87,1,yes,TRUE,1340,747,7201c159129857d4cd05ed831de7a367,en-GB
CRW-00089,2026-08-27T01:53:00Z,https://thornleyandpickering.com/finance,https://thornleyandpickering.com/finance,200,finance,Thornley & Pickering - Finance,Thornley & Pickering,Thornley & Pickering are an independent used car dealer based in Manchester.,Thornley & Pickering Limited,,,(0161) 496 0762,,Copyright Thornley & Pickering Limited 2024 Registered in England & Wales No. 12373897 VAT Registration Number GB 524 9007 57 Authorised and regulated by the Financial Conduct Authority FRN 971613.,12373897,524 9007 57,971613,AutoQuote,,Representative APR 10.9%,Wix,6.3.11,,,,https://www.facebook.com/thornleyandpickering,,"Mon-Fri 9am-6pm, Sat 9am-5pm, Sun Closed",,yes,3 months,0,438,2577,c969267daec83465ffb09ad449cd28cc,en-GB
CRW-00122,2026-09-12T00:41:00Z,http://www.yardleyandsonscrewe.co.uk/finance,https://www.yardleyandsonscrewe.co.uk/finance,200,finance,Welcome to Yardley & Sons,Yardley & Sons,Yardley & Sons are an independent used car dealer based in Crewe.,,,,+44 1632 960029,enquiries@yardleyandsonscrewe.co.uk;parts@yardleyandsonscrewe.co.uk;yardleyand89@gmail.com,© Yardley & Sons 2024 Company Reg: 2730434 VAT Registration Number GB 677695953 We are authorised and regulated by the FCA (769146).,2730434,677695953,,QuoteWare,Lantern Motor Finance|Meridian Auto Loans,,Wix,4.5.18,4.8,139,,https://www.facebook.com/yardleyandsons,,Monday to Saturday 9-5.30,,yes,no,false,1942,2438,750eb6a513afb772f846c74188f88b69,en-US
CRW-00169,2026-09-25T05:19:00Z,https://hillsidecars43.co.uk/,https://hillsidecars43.co.uk/,200,home,hillsidecars43.co.uk is for sale,This domain may be for sale,,,,,,,"Parked free, courtesy of a domain registrar.",,,,,,,,,,,,,,,,,,TRUE,34,1700,c770067567c1afad4558f60b84b39e58,en-US
CRW-00043,2026-08-19T21:41:00Z,http://www.trustvehiclecentre.co.uk/,https://www.trustvehiclecentre.co.uk/,200,home,Welcome to Trust Vehicle Centre,Quality used cars in Leek,,SWT Vehicle Sales Limited,"224 Junction Road, Leek, ST13 1RU",ST13 1RU,01632 960433,enquiries@trustvehiclecentre.co.uk;service@trustvehiclecentre.co.uk,"© Trust Vehicle Centre 2026 Company number 2952151 Registered office: 224 Junction Road, Leek",2952151,,,FinanceCalc Pro,Keystone Car Credit; Harbour Finance,,Motorsite,,4.5/5,145 reviews,,,https://instagram.com/trustvehiclece,Mon - Sat: 09:00 - 18:00 Sunday: 10:00 - 16:00,145,yes,,,921,1777,d86fda0b5b7f635d72ddb2adcf211607,en-GB
CRW-00044,2026-08-24T02:39:00Z,https://trustvehiclecentre.co.uk/used-cars,https://trustvehiclecentre.co.uk/used-cars,200,stock,TRUST VEHICLE CENTRE | Quality Used Cars,Trust Vehicle Centre,"Find your next car at Trust Vehicle Centre, Leek. Finance available.",TRUST VEHICLE CENTRE,,,(01632) 960433; +44 7700 900989,enquiries@trustvehiclecentre.co.uk,© Trust Vehicle Centre 2024 | Co. No 02952151,,,,FinanceCalc Pro,Keystone Car Credit; Harbour Finance,10.9%,Motorsite,4.1.16,,,,,https://instagram.com/trustvehiclece,"Mon-Fri 9am-6pm, Sat 9am-5pm, Sun Closed",,1,12 month warranty,,398,1999,e2e3822d7eb3072d7c876535285fb1bf,en-US
CRW-00165,2026-08-23T15:35:00Z,https://www.ukcardealerdirectory.example/cheshire?page=9,https://www.ukcardealerdirectory.example/cheshire?page=9,200,directory,Car Dealers Near You | UK Car Dealer Directory,,,UK Car Dealer Directory,Sheffield / Cardiff / Leicester,,(0114) 496 0502 | 029 2018 0909 | (0116) 496 0773,,© 2026 UK Car Dealer Directory Ltd. Listings are provided by third parties.,,,,,,,,,,,,,,,,,,0,1079,3160,ed6522d53a1bb6d46e1012730705bbb9,en-GB
CRW-00104,2026-09-25T14:08:00Z,https://www.qualitycars.uk/used-cars,https://www.qualitycars.uk/used-cars,200,stock,Used Cars Birmingham | Quality Cars,Quality Cars,Quality Cars are an independent used car dealer based in Birmingham.,QUALITY CARS,,,0121 496 0668,enquiries@qualitycars.uk;finance@qualitycars.uk,Quality Cars Limited t/a Quality Cars | Company number 04532869 | Firm Reference Number 628560,,,,QuoteWare,,10.9,CarCMS,,,,4.6,https://www.facebook.com/qualitycars,,By appointment,112,1,12 month warranty,false,840,3176,f852e57227b1947d51002f19406a42b5,en-US
CRW-00091,2026-09-06T16:46:00Z,http://www.garsidemotorcompany.co.uk/about-us,https://www.garsidemotorcompany.co.uk/about-us,200,about,GARSIDE MOTOR COMPANY | Quality Used Cars,Quality used cars in Hanley,Garside Motor Company are an independent used car dealer based in Hanley.,,,,01632 960615,,Garside Motor Company Limited t/a Garside Motor Company | VAT Registration Number 148 6124 62 | Garside Motor Company Limited is an Appointed Representative of Motor Finance Network Limited who are authorised and regulated by the Financial Conduct Authority (FRN 752458).,,148 6124 62,,,,,WordPress,6.5.3,4.6,539 reviews,,,https://instagram.com/garsidemotorco,,,,no,,1186,2372,d6466a7aab84036ca31297004bcd532b,en-GB
CRW-00166,2026-09-27T09:27:00Z,https://www.ukcardealerdirectory.example/london?page=5,https://www.ukcardealerdirectory.example/london?page=5,200,directory,Car Dealers Near You | UK Car Dealer Directory,,,UK Car Dealer Directory,Sheffield / Crewe / Glasgow,,(0114) 496 0502 | 01632 960029 | (0141) 496 0381,,© 2026 UK Car Dealer Directory Ltd. Listings are provided by third parties.,,,,,,,,,,,,,,,,,,0,708,1601,696dda56de1fd830aacf26d08140240f,en-GB
CRW-00066,2026-09-27T05:12:00Z,http://www.highfieldcarsaleschesterfield.co.uk/contact-us,https://www.highfieldcarsaleschesterfield.co.uk/contact-us,200,contact,Highfield Car Sales | Used Cars in Chesterfield,Welcome to Highfield Car Sales,,Highfield Car Sales Limited,"Meadow Industrial Estate, Church Street, Chesterfield, Derbyshire, S41 6TG",S416TG,01632960773; 07700 900409,,© Highfield Car Sales 2026 Co. No 07650283 VAT No. GB447445139 Firm Reference Number 601562,07650283,447445139,,,,,Squarespace,4.2.11,3.7,815,5.0,https://www.facebook.com/highfieldcarsales,https://instagram.com/highfieldcarsa,By appointment,,yes,3 months,true,2172,3141,e400ef46ecd99718107b5cfab5ef2097,
CRW-00103,2026-08-22T19:33:00Z,https://premiermotorgroup.co.uk/contact-us,https://premiermotorgroup.co.uk/contact-us,200,contact,Used Cars Stockport | Premier Motor Group,Premier Motor Group,"Find your next car at Premier Motor Group, Stockport. Finance available.",Premier Motor Group Limited,"Unit 23A, Kingsway Trading Estate, Marsh Lane, Stockport, Greater Manchester, SK4 8RX",SK4 8RX,01632960531,contact@premiermotorgroup.co.uk,Premier Motor Group Limited t/a Premier Motor Group Registered in England & Wales No. 04290029,04290029,,,,,,,5.0.11,,,,,,Monday to Saturday 9-5.30,,yes,yes,,2215,2610,c7dc29a3d42075353ddcc240d89cb50e,en-GB
CRW-00094,2026-09-10T09:22:00Z,https://openshawmotorcompany.com/,https://openshawmotorcompany.com/,200,home,OPENSHAW MOTOR COMPANY | Quality Used Cars,Openshaw Motor Company,,,"Unit 22, Riverside Business Park, Brook Lane, Wolverhampton, West Midlands, WV14 3XN",WV143XN,01632 960150,enquiries@openshawmotorcompany.com,"© 2024 Dawson Holdings Limited. All rights reserved. Co. No 8398392 VAT: GB415548648 Dawson Holdings Limited is an Appointed Representative of Autolink Credit Partners Limited who are authorised and regulated by the Financial Conduct Authority (FRN 628633). Registered office: Unit 22, Riverside Business Park, Wolverhampton",8398392,,628633,QuoteWare,Northbridge Motor Finance,12.9,WordPress,,3.8,796,,,,,,yes,yes,,475,2861,60859b558c5e631a4b4f68e8981b8d4a,en-GB
CRW-00015,2026-08-20T16:42:00Z,http://www.qdcars.co.uk/finance,https://www.qdcars.co.uk/finance,200,finance,QD Cars - Finance,QD Cars,QD Cars are an independent used car dealer based in Crewe.,QD Cars,,,01632960613,sales@qdcars.co.uk;finance@qdcars.co.uk;qdcars67@gmail.com,© 2025 QD Cars Limited. All rights reserved. | FCA FRN: 788050,,,,,,,Motorsite,5.5.4,3.9,514,,https://www.facebook.com/qdcars,,,,,3 months,true,1749,426,ea8ea5ce3682c9f409c959c46d425015,en
CRW-00161,2026-09-22T10:15:00Z,https://www.lomaxcarsales.co.uk/finance,https://www.lomaxcarsales.co.uk/finance,200,finance,Welcome to Lomax Car Sales,Lomax Car Sales,,Lomax Car Sales,,,"0044 1632 960424,+44 7700 900178",info@lomaxcarsales.co.uk,"Lomax Car Sales is a trading style of Karen Lomax. | Authorised and regulated by the Financial Conduct Authority FRN 775259. | Registered office: Unit 15, Kingsway Trading Estate, Preston",,,775259,PayMonthly Widget,Northbridge Motor Finance|Harbour Finance,14.9,DealerSites UK,,3.9,897,,https://www.facebook.com/lomaxcarsales,https://instagram.com/lomaxcarsales,"Mon-Fri 9am-6pm, Sat 9am-5pm, Sun Closed",,yes,12 month warranty,true,1028,1760,5b7c18bc48fc711111ffce413e52970b,en-GB
CRW-00006,2026-08-31T15:21:00Z,https://www.akcars.co.uk/used-cars,https://www.akcars.co.uk/used-cars,200,stock,Welcome to AK Cars,Quality used cars in Bolton,AK Cars are an independent used car dealer based in Bolton.,AK CARS,,,01632960026,info@akcars.co.uk,© 2024 AK Cars (UK) Limited. All rights reserved. Company number 11151133 VAT Reg: GB 702838246 Authorised and regulated by the Financial Conduct Authority FRN 913639.,,GB 702838246,,,,,Squarespace,,3.6/5,536,,https://www.facebook.com/akcars,https://instagram.com/akcars,,103,Y,3 months,yes,2236,3073,d3d38c33a2d94b5e694c86ec04885b55,en-US
CRW-00057,2026-08-21T13:22:00Z,https://www.tolsonmotorcompany.com/used-cars,https://www.tolsonmotorcompany.com/used-cars,200,stock,TOLSON MOTOR COMPANY | Quality Used Cars,Quality used cars in Cardiff,,,"54 Albion Street, Cardiff, CF10 1UL",CF10 1UL,029 2018 0909,info@tolsonmotorcompany.com;service@tolsonmotorcompany.com;tolsonmoto43@gmail.com,"© Tolson Motor Company 2025 Company Reg: 04589314 VAT Registration Number 439546126 Authorised and regulated by the Financial Conduct Authority FRN 823366. Registered office: Lowry House, Manchester",04589314,,439546,QuoteWare,"Lantern Motor Finance, Meridian Auto Loans",11.9,AutoWeb Pro,,,,,,https://instagram.com/tolsonmotorcom,"Mon-Fri 9am-6pm, Sat 9am-5pm, Sun Closed",,yes,yes,0,523,301,c79fee76d6cf59443ff4c8be81e62bf2,en-GB
CRW-00124,2026-08-20T15:56:00Z,https://www.carverandsons.com/,https://www.carverandsons.com/,200,home,Used Cars Birmingham | Carver & Sons,Quality used cars in Birmingham,,Carver & Sons Limited,"The Old Foundry, Parkway, Birmingham, West Midlands, B6 5BF",B6 5BF,0121 496 0959 | +447700900876,info@carverandsons.com;carverands30@gmail.com,"© Carver & Sons 2024 | Company Reg: 02275971 | VAT No. GB697579744 | We are a credit broker, not a lender. | Registered office: Suite 4, Albion House, Macclesfield",,,,AutoQuote,Keystone Car Credit|Albion Auto Credit,,DealerSites UK,,3.4,802 reviews,4.1,,,,,,,yes,442,1143,7d887af3b6195b5f33c957c1a18e1c74,en-US
CRW-00134,2026-08-31T04:43:00Z,https://www.stansfieldandsonsderby.co.uk/about-us,https://www.stansfieldandsonsderby.co.uk/about-us,200,about,Welcome to Stansfield & Sons,,,Stansfield & Sons Limited,"Meadow Industrial Estate, Brook Lane, Derby, DE1 7ZQ",,01632960066; 07700 900694,enquiries@stansfieldandsonsderby.co.uk,Stansfield & Sons Limited t/a Stansfield & Sons Co. No 10827331 Authorised and regulated by the Financial Conduct Authority FRN 632272.,10827331,,632272,,,,Motorsite,,4.6/5,65 reviews,3.6,,,By appointment,,1,,0,590,1512,65038294b145ed2cec59d5ee531e2345,en-GB
CRW-00154,2026-09-22T22:56:00Z,https://brooksidemotors.co.uk/finance,https://brooksidemotors.co.uk/finance,200,finance,Used Cars Nottingham | Brookside Motors,,"Find your next car at Brookside Motors, Nottingham. Finance available.",Brookside Motors,,,0115 496 0538,hello@brooksidemotors.co.uk;brooksidem72@gmail.com,Copyright Brookside Motor Group Limited 2026 | Co. No 06424928 | VAT No. GB 124 4395 79 | Authorised and regulated by the Financial Conduct Authority FRN 853791.,06424928,124 4395 79,853791,PayMonthly Widget,,Representative APR 19.9%,,,4.9,768,,https://www.facebook.com/brooksidemotors,,Monday to Saturday 9-5.30,,Y,12 month warranty,,2030,1826,2fd34dd912d6a40faeb0891747894635,en-GB
CRW-00138,2026-09-05T01:49:00Z,https://catterallvehiclesales.co.uk/finance,https://catterallvehiclesales.co.uk/finance,200,finance,CATTERALL VEHICLE SALES | Quality Used Cars,,,Catterall Vehicle Sales,"Unit 12, Northgate Retail Park, Bradford Road, Reading, RG2 1UR",RG21UR,0044 118 496 0481,contact@catterallvehiclesales.co.uk,© 2025 Catterall Vehicle Sales (UK) Limited. All rights reserved. Company Reg: 2462924 Firm Reference Number 675005,2462924,,675005,PayMonthly Widget,,Representative APR 11.9%,Squarespace,4.8.7,,,,https://www.facebook.com/catterallvehiclesales,https://instagram.com/catterallvehic,Monday to Saturday 9-5.30,,Y,3 months,,2225,2911,b95bf4a866d4fdca98f84e5f83324bad,en-GB
CRW-00022,2026-08-31T19:37:00Z,https://www.elitecars.co.uk/about-us,https://www.elitecars.co.uk/about-us,200,about,Used Cars Nottingham | Elite Cars,Elite Cars,,ZSO Vehicle Sales Limited,,,+441154960244,sales@elitecars.co.uk;service@elitecars.co.uk,"ZSO Vehicle Sales Limited t/a Elite Cars ZSO Vehicle Sales Limited is an Appointed Representative of Dealer Broker Services Ltd who are authorised and regulated by the Financial Conduct Authority (FRN 994838). Registered office: Northgate Retail Park, Nottingham",,,,,,,WordPress,,,,4.5,https://www.facebook.com/elitecars,,,,,12 month warranty,TRUE,422,979,9fb54223368d181d70f0878d0b7874e8,en
CRW-00055,2026-08-27T18:02:00Z,https://tolsonmotorcompany.com/about-us,https://tolsonmotorcompany.com/about-us,200,about,TOLSON MOTOR COMPANY | Quality Used Cars,Welcome to Tolson Motor Company,Tolson Motor Company are an independent used car dealer based in Cardiff.,Tolson Motor Company,,,029 2018 0909,info@tolsonmotorcompany.com;parts@tolsonmotorcompany.com,"© Tolson Motor Company 2025 | Company Reg: 04589314 | VAT No. 439 5461 26 | FCA FRN: 823366 | Registered office: Lowry House, Manchester",,,823366,,,,AutoWeb Pro,2.2.3,,,3.6,https://www.facebook.com/tolsonmotorcompany,https://instagram.com/tolsonmotorcom,By appointment,,true,,TRUE,2314,1474,438ef5ffb868792594d537732f233922,en
CRW-00063,2026-08-19T18:25:00Z,http://www.cpcars.co.uk/contact-us,https://www.cpcars.co.uk/contact-us,200,contact,CP Cars - Contact,CP Cars,"Find your next car at CP Cars, Glasgow. Finance available.",CP Cars,"Northgate Retail Park, Mill Lane, Glasgow, G72 8TW",G72 8TW,+44 141 496 0089; 07700 900999,enquiries@cpcars.co.uk,CP Cars Limited t/a CP Cars Registered in Scotland No. SC385182 VAT Reg: GB 747 1473 20 Firm Reference Number 983260,,GB 747 1473 20,983260,,,,WordPress,,4.8,897,,https://www.facebook.com/cpcars,https://instagram.com/cpcars,"Mon-Fri 9am-6pm, Sat 9am-5pm, Sun Closed",,yes,no,false,215,2401,1f0299d9d8ed72dee03e55aee74c20f1,en-US
CRW-00001,2026-08-22T10:28:00Z,https://thornleyandsons.uk/contact-us,https://thornleyandsons.uk/contact-us,200,contact,Used Cars Leicester | Thornley & Sons,Quality used cars in Leicester,"Find your next car at Thornley & Sons, Leicester. Finance available.",,"Meadow Industrial Estate, Hall Lane, Leicester, LE3 6DX",LE3 6DX,01164960660,contact@thornleyandsons.uk,"Brierley Holdings Limited t/a Thornley & Sons Company Reg: 8011226 VAT No. GB 809 3208 37 Registered office: Lowry House, Manchester",8011226,809 3208 37,,,,,CarCMS,,4.7,439 reviews,3.9,,,,,yes,no,TRUE,431,1191,a2e84e27952cdb36570b830d0853c981,en
CRW-00131,2026-09-23T21:35:00Z,http://www.glasgowautocentreglasgow.co.uk/finance,https://www.glasgowautocentreglasgow.co.uk/finance,200,finance,Welcome to Glasgow Autocentre,Welcome to Glasgow Autocentre,Glasgow Autocentre are an independent used car dealer based in Glasgow.,Glasgow Autocentre,"5 Ford Lane, Glasgow, G33 1LY",,01414960364,sales@glasgowautocentreglasgow.co.uk;finance@glasgowautocentreglasgow.co.uk,Copyright IGZ Vehicle Sales Limited 2025 Company Reg: SC117044 VAT: GB321394479 IGZ Vehicle Sales Limited is an Appointed Representative of Autolink Credit Partners Limited who are authorised and regulated by the Financial Conduct Authority (FRN 628633).,,,628633,,,,Wix,,,,4.7,https://www.facebook.com/glasgowautocentre,,,,Y,yes,true,641,3004,509e1ee1d38750325e596f06552b4d04,en-GB
CRW-00031,2026-08-28T23:21:00Z,https://www.thornleyandkenworthy.com/used-cars,https://www.thornleyandkenworthy.com/used-cars,200,stock,Welcome to Thornley & Kenworthy,,Thornley & Kenworthy are an independent used car dealer based in Stockport.,TQL Vehicle Sales Limited,"Riverside Business Park, Park Lane, Stockport, SK3 7UG",,(01632) 960086,enquiries@thornleyandkenworthy.com,© 2026 TQL Vehicle Sales Limited. All rights reserved. | Company number 15588230 | VAT: GB 718621042 | Authorised and regulated by the Financial Conduct Authority FRN 652189.,,,,QuoteWare,"Albion Auto Credit, Pennine Vehicle Finance",11.9%,AutoWeb Pro,,4.7,784,3.7,https://www.facebook.com/thornleyandkenworthy,https://instagram.com/thornleyandken,,105,yes,12 month warranty,yes,577,1726,f80272dd90bdda5f50fa8846ce4e19e3,en-US
CRW-00121,2026-09-01T15:14:00Z,https://www.listerandsons.co.uk/,https://www.listerandsons.co.uk/,200,home,Lister & Sons | Used Cars in Leek,,Lister & Sons are an independent used car dealer based in Leek.,LISTER & SONS,"Kingsway Trading Estate, 9 Mill Lane, Leek, Staffordshire, ST13 9UX",ST13 9UX,01632960676,contact@listerandsons.co.uk,© Lister & Sons 2026 | Company Reg: 2385525 | VAT No. GB 605 9256 36 | FCA FRN: 827481,2385525,,827481,,,,,,4.5,642,,https://www.facebook.com/listerandsons,https://instagram.com/listerandsons,Mon - Sat: 09:00 - 18:00 Sunday: 10:00 - 16:00,16,Y,3 months,0,958,2106,e0b1e7435abad6fa37d08aef9c53aec5,en-GB
CRW-00149,2026-09-02T08:31:00Z,http://www.smithmotorsstoke.co.uk/finance,https://www.smithmotorsstoke.co.uk/finance,200,finance,Smith Motors - Finance,Welcome to Smith Motors,"Find your next car at Smith Motors, Stoke-on-Trent. Finance available.",Smith Motors,,,01632 960649,enquiries@smithmotorsstoke.co.uk;smithmotor72@gmail.com,Smith Motors (Stoke) Limited t/a Smith Motors | Company number 6926360 | Authorised and regulated by the Financial Conduct Authority FRN 690424.,,,,FinanceCalc Pro,Northbridge Motor Finance|Lantern Motor Finance,Representative APR 13.9%,CarCMS,,,,,,,Monday to Saturday 9-5.30,,Y,12 month warranty,false,247,2531,8b174ec240d38b0621e3ec0f1f4247a4,en-GB
CRW-00014,2026-09-26T22:54:00Z,http://www.qdcars.co.uk/used-cars,https://www.qdcars.co.uk/used-cars,200,stock,QD Cars - Stock,QD Cars,"Find your next car at QD Cars, Crewe. Finance available.",QD Cars Limited,,,01632960613,sales@qdcars.co.uk;parts@qdcars.co.uk,Copyright QD Cars Limited 2024 Company number 07814783 VAT Reg: 557652315 Firm Reference Number 788050,07814783,557652315,,,,,Motorsite,,3.9,514,,,,Monday to Saturday 9-5.30,172,,yes,false,443,980,a21f9e8967577854aa5e60c72b7d21f6,en
CRW-00137,2026-09-08T11:37:00Z,https://premiercarcentre.co.uk/about-us,https://premiercarcentre.co.uk/about-us,200,about,Welcome to Premier Car Centre,Quality used cars in Cardiff,"Find your next car at Premier Car Centre, Cardiff. Finance available.",Premier Car Centre,,,029 2018 0923; 0044 7700 900777,info@premiercarcentre.co.uk,"Copyright Premier Car Centre Limited 2024 | Company number 02765611 | VAT Reg: GB 928 9173 81 | Registered office: Suite 4, Albion House, Macclesfield",02765611,GB 928 9173 81,,,,,Wix,,,,4.2,https://www.facebook.com/premiercarcentre,https://instagram.com/premiercarcent,,,Y,3 months,TRUE,579,2143,40582d616fb58ed3d7f75dab846acce7,en
CRW-00123,2026-08-23T02:52:00Z,https://www.carverandsons.com/used-cars,https://www.carverandsons.com/used-cars,200,stock,Welcome to Carver & Sons,,,Carver & Sons,,,01214960959,,© Carver & Sons 2025 | Company Reg: 02275971 | VAT Registration Number GB 697 5797 44,02275971,697 5797 44,,AutoQuote,Keystone Car Credit; Albion Auto Credit,9.9%,DealerSites UK,,,,,https://www.facebook.com/carverandsons,,Monday to Saturday 9-5.30,78,1,,true,2181,2873,e54a0738b42d729a09b6b799438d527f,
CRW-00133,2026-09-24T08:40:00Z,https://stansfieldandsonsderby.co.uk/contact-us,https://stansfieldandsonsderby.co.uk/contact-us,200,contact,Used Cars Derby | Stansfield & Sons,Stansfield & Sons,Stansfield & Sons are an independent used car dealer based in Derby.,Stansfield & Sons Limited,"Meadow Industrial Estate, Brook Lane, Derby, DE1 7ZQ",DE1 7ZQ,01632960066,enquiries@stansfieldandsonsderby.co.uk;stansfield90@gmail.com,Stansfield & Sons Limited t/a Stansfield & Sons | Company Reg: 10827331 | Authorised and regulated by the Financial Conduct Authority FRN 632272.,,,632272,,,,Motorsite,,4.6,65,,,,Monday to Saturday 9-5.30,,,12 month warranty,,672,208,ca6977a553c5dd950df479cc7114d06f,en-US
CRW-00170,2026-08-19T05:17:00Z,https://northgatecars63.co.uk/,https://northgatecars63.co.uk/,200,home,northgatecars63.co.uk is for sale,This domain may be for sale,,,,,,,"Parked free, courtesy of a domain registrar.",,,,,,,,,,,,,,,,,,yes,34,2833,61a97165e52644a7fe3c19d608d616d6,en-GB
CRW-00026,2026-08-27T10:23:00Z,http://www.advancecarsupermarket.uk/,https://www.advancecarsupermarket.uk/,200,home,ADVANCE CAR SUPERMARKET | Quality Used Cars,Quality used cars in Bristol,,Advance Car Supermarket,"Unit 1A, Kingsway Trading Estate, Wharf Road, Bristol, BS3 7JN",,(0117) 496 0764,hello@advancecarsupermarket.uk,Haworth Holdings Limited t/a Advance Car Supermarket VAT No. GB942607913 Authorised and regulated by the Financial Conduct Authority FRN 921386.,,,,PayMonthly Widget,Northbridge Motor Finance|Albion Auto Credit|Harbour Finance,19.9% APR Representative,,,,,,,https://instagram.com/advancecarsupe,"Mon-Fri 9am-6pm, Sat 9am-5pm, Sun Closed",,yes,,TRUE,687,911,9b1d335e828fb54b79cdf2539ce0dad6,en-GB
CRW-00151,2026-08-24T12:16:00Z,https://www.hartleycars.uk/contact-us,https://www.hartleycars.uk/contact-us,200,contact,Used Cars Reading | Hartley Cars,,,HARTLEY CARS,"Northgate Retail Park, 9 Bradford Road, Reading, RG30 7SJ",RG307SJ,0118 496 0957,,Copyright Hartley Cars (2021) Limited 2024 Company Reg: 13249635 VAT: GB393392228 FCA FRN: 987559,,,,,,,DealerSites UK,5.3.7,4.7/5,175,,,,,,true,,,1458,1339,007ccc9c9557b2fa63c48d6c7b86dc55,
CRW-00067,2026-08-20T16:51:00Z,https://highfieldcarsaleschesterfield.co.uk/used-cars,https://highfieldcarsaleschesterfield.co.uk/used-cars,200,stock,HIGHFIELD CAR SALES | Quality Used Cars,Welcome to Highfield Car Sales,,,"Meadow Industrial Estate, Church Street, Chesterfield, S41 6TG",S416TG,01632960773,enquiries@highfieldcarsaleschesterfield.co.uk,"© 2025 Highfield Car Sales Limited. All rights reserved. | Registered in England & Wales No. 07650283 | Firm Reference Number 601562 | Registered office: Lowry House, Manchester",07650283,,601562,FinanceCalc Pro,Albion Auto Credit,Representative APR 13.9%,Squarespace,,3.7,815,4.1,,,Mon - Sat: 09:00 - 18:00 Sunday: 10:00 - 16:00,182,Y,no,false,1234,2521,c9750fbf3bc3c282f3909dd376cf4503,en-GB
CRW-00065,2026-08-19T16:27:00Z,https://tattersallmotorcompany.co.uk/about-us,https://tattersallmotorcompany.co.uk/about-us,200,about,Tattersall Motor Company | Used Cars in London,Welcome to Tattersall Motor Company,"Find your next car at Tattersall Motor Company, London. Finance available.",Tattersall Motor Company,,,+44 20 7946 0941,hello@tattersallmotorcompany.co.uk;tattersall20@gmail.com,© 2026 Tattersall Motor Company Limited. All rights reserved. | Registered in England & Wales No. 06047241 | We are authorised and regulated by the FCA (963356).,06047241,,963356,,,,Motorsite,,4.0/5,177,,https://www.facebook.com/tattersallmotorcompany,https://instagram.com/tattersallmoto,,,Y,12 month warranty,TRUE,1520,2374,b6f4fa8127d5ddf3c2f05e146aca664e,en-GB
CRW-00085,2026-08-28T06:03:00Z,http://www.leicesterautocentre.co.uk/contact-us,https://www.leicesterautocentre.co.uk/contact-us,200,contact,LEICESTER AUTOCENTRE | Quality Used Cars,,,,"Unit 29A, The Old Foundry, Church Street, Leicester, Leicestershire, LE3 8TT",LE3 8TT,+44 116 496 0017; 07700 900304,hello@leicesterautocentre.co.uk,© 2024 Leicester Automotive Limited. All rights reserved. Company Reg: 15253958 VAT Reg: GB 903 6345 40 Firm Reference Number 890638,,GB 903 6345 40,890638,,,,Wix,,4.9,40,4.7,https://www.facebook.com/leicesterautocentre,https://instagram.com/leicesterautoc,,,1,yes,false,1655,2375,07ba1be38379db3586fe486e968d7999,en
CRW-00017,2026-09-13T07:31:00Z,https://hartleycarsales.co.uk/finance,https://hartleycarsales.co.uk/finance,200,finance,HARTLEY CAR SALES | Quality Used Cars,Quality used cars in Leicester,,HARTLEY CAR SALES,"Unit 9, The Old Foundry, Church Street, Leicester, LE5 1UF",LE51UF,0116 496 0773,enquiries@hartleycarsales.co.uk,"© 2024 Hartley Car Sales Limited. All rights reserved. Company Reg: 2578182 Authorised and regulated by the Financial Conduct Authority FRN 894672. Registered office: Northgate Retail Park, Leicester",2578182,,894672,FinanceCalc Pro,Northbridge Motor Finance|Harbour Finance|Meridian Auto Loans,Representative APR 14.9%,Wix,3.1.1,4.4,788,5.0,https://www.facebook.com/hartleycarsales,,Mon - Sat: 09:00 - 18:00 Sunday: 10:00 - 16:00,,,3 months,,1029,2390,553aa936b0319beace417d7ccf230c18,en-US
CRW-00160,2026-09-09T02:49:00Z,https://lomaxcarsales.co.uk/used-cars,https://lomaxcarsales.co.uk/used-cars,200,stock,Welcome to Lomax Car Sales,Lomax Car Sales,"Find your next car at Lomax Car Sales, Preston. Finance available.",LOMAX CAR SALES,"Unit 15, Kingsway Trading Estate, Victoria Road, Preston, PR2 8GH",PR2 8GH,0044 1632 960424 | +447700900178,info@lomaxcarsales.co.uk;lomax@lomaxcarsales.co.uk,"Lomax Car Sales is a trading style of Karen Lomax. Authorised and regulated by the Financial Conduct Authority FRN 775259. Registered office: Unit 15, Kingsway Trading Estate, Preston",,,775259,PayMonthly Widget,"Northbridge Motor Finance, Harbour Finance",,DealerSites UK,,3.9/5,897 reviews,,https://www.facebook.com/lomaxcarsales,,By appointment,,Y,3 months,false,2348,1192,29660bacdb50150d78f584e3356485ba,en-US
CRW-00080,2026-09-01T12:35:00Z,https://gtcars.co.uk/contact-us,https://gtcars.co.uk/contact-us,200,contact,Used Cars Bristol | GT Cars,Welcome to GT Cars,,GT Cars (UK) Limited,"52 Park Lane, Bristol, BS34 8QT",,01174960037,enquiries@gtcars.co.uk;service@gtcars.co.uk,© GT Cars 2025 | VAT Registration Number GB 453316170,,453316170,,,,,Wix,3.0.10,3.5,387,,,https://instagram.com/gtcars,,,true,3 months,0,1252,1989,182b01beb35fded7339295c1dc07ea7e,en-GB
CRW-00092,2026-09-11T03:56:00Z,https://shuttleworthautoshanley.co.uk/finance,https://shuttleworthautoshanley.co.uk/finance,200,finance,Welcome to Shuttleworth Autos,Shuttleworth Autos,Shuttleworth Autos are an independent used car dealer based in Hanley.,,,,01632960642,contact@shuttleworthautoshanley.co.uk,"© Shuttleworth Autos 2026 Co. No 08719724 VAT Registration Number GB911317069 We are a credit broker, not a lender.",08719724,911317069,,FinanceCalc Pro,"Harbour Finance, Northbridge Motor Finance, Pennine Vehicle Finance",,,4.2.2,3.9,24 reviews,,,,Monday to Saturday 9-5.30,,yes,3 months,1,237,734,e541b0de4426672a2cbf443e72a5b363,en
CRW-00120,2026-09-24T14:17:00Z,https://listerandsons.co.uk/about-us,https://listerandsons.co.uk/about-us,200,about,Welcome to Lister & Sons,Welcome to Lister & Sons,Lister & Sons are an independent used car dealer based in Leek.,Lister & Sons,,,01632 960676,contact@listerandsons.co.uk,"Copyright Lister & Sons Limited 2026 VAT No. 605 9256 36 FCA FRN: 827481 Registered office: Kingsway Trading Estate, Leek",,,,,,,Wix,3.0.17,,,,https://www.facebook.com/listerandsons,,"Mon-Fri 9am-6pm, Sat 9am-5pm, Sun Closed",,Y,3 months,yes,918,2471,e570b11a0653c69994ede2c64cbdbca3,en-GB
CRW-00164,2026-09-22T01:01:00Z,https://www.varleycarcentre.co.uk/,https://www.varleycarcentre.co.uk/,0,home,,,,,,,,,,,,,,,,,,,,,,,,,,,false,0,3157,e7e963529b6db9a95caf9b7e2aa23e3c,en-US
CRW-00101,2026-09-07T16:47:00Z,https://www.gilmorecars.co.uk/contact-us,https://www.gilmorecars.co.uk/contact-us,200,contact,Gilmore Cars | Used Cars in Chesterfield,,"Find your next car at Gilmore Cars, Chesterfield. Finance available.",Gilmore Cars,"The Old Foundry, Ford Lane, Chesterfield, S41 2RQ",S41 2RQ,01632 960284,contact@gilmorecars.co.uk;finance@gilmorecars.co.uk,"ROU Vehicle Sales Limited t/a Gilmore Cars | Company Reg: 05197862 | ROU Vehicle Sales Limited is an Appointed Representative of Autolink Credit Partners Limited who are authorised and regulated by the Financial Conduct Authority (FRN 628633). | Registered office: 2nd Floor, Carlton Chambers, Leeds",05197862,,628633,,,,,,,,,https://www.facebook.com/gilmorecars,,"Mon-Fri 9am-6pm, Sat 9am-5pm, Sun Closed",,true,no,false,1823,926,928ca567ac85a874c7d25541c74a454e,en-US
CRW-00056,2026-08-28T20:32:00Z,https://www.tolsonmotorcompany.com/finance,https://www.tolsonmotorcompany.com/finance,200,finance,Used Cars Cardiff | Tolson Motor Company,Tolson Motor Company,Tolson Motor Company are an independent used car dealer based in Cardiff.,,,,029 2018 0909,info@tolsonmotorcompany.com,© Tolson Motor Company 2026 Company number 04589314 Firm Reference Number 823366,,,823366,QuoteWare,,11.9%,AutoWeb Pro,,4.0,73,,,,"Mon-Fri 9am-6pm, Sat 9am-5pm, Sun Closed",,Y,yes,0,1521,3090,e5e799eee1219df328a6be75e19d586e,en-GB
CRW-00051,2026-09-08T08:06:00Z,https://millbrookautos.co.uk/contact-us,https://millbrookautos.co.uk/contact-us,200,contact,Millbrook Autos - Contact,Welcome to Millbrook Autos,"Find your next car at Millbrook Autos, London. Finance available.",Millbrook Autos Limited,"26-43 Mount Pleasant, London, NW10 5PA",NW10 5PA,02079460847,sales@millbrookautos.co.uk;millbrook@millbrookautos.co.uk,Copyright Millbrook Autos Limited 2025 | Company Reg: 02968221 | VAT No. GB 195 9610 21 | Millbrook Autos Limited is an Appointed Representative of Autolink Credit Partners Limited who are authorised and regulated by the Financial Conduct Authority (FRN 628633).,,195 9610 21,628633,,,,Wix,,4.5,335,,,https://instagram.com/millbrookautos,Mon - Sat: 09:00 - 18:00 Sunday: 10:00 - 16:00,,1,,TRUE,1562,1215,98bd9c231677268f9bb2a1499ab2ce3f,en-US
CRW-00148,2026-08-22T10:58:00Z,https://smithmotorsstoke.co.uk/used-cars,https://smithmotorsstoke.co.uk/used-cars,200,stock,SMITH MOTORS | Quality Used Cars,Welcome to Smith Motors,Smith Motors are an independent used car dealer based in Stoke-on-Trent.,,,,01632960649,enquiries@smithmotorsstoke.co.uk;smith@smithmotorsstoke.co.uk,"© 2025 Smith Motors (Stoke) Limited. All rights reserved. | Registered in England & Wales No. 6926360 | VAT: GB585379487 | We are authorised and regulated by the FCA (690424). | Registered office: 30 Brook Lane, Stoke-on-Trent",,GB585379487,690424,FinanceCalc Pro,,13.9%,,,4.3,354,,https://www.facebook.com/smithmotors,,,125,yes,12 month warranty,false,419,1879,551d14c7749b1cfbd37082f161ec478b,
CRW-00129,2026-09-04T03:49:00Z,https://www.inghamandsonsbolton.co.uk/finance,https://www.inghamandsonsbolton.co.uk/finance,200,finance,Ingham & Sons | Used Cars in Bolton,,"Find your next car at Ingham & Sons, Bolton. Finance available.",Ingham & Sons (UK) Limited,,,01632 960184,hello@inghamandsonsbolton.co.uk,"© 2025 Ingham & Sons (UK) Limited. All rights reserved. Co. No 04743925 VAT: 437 1441 64 We are authorised and regulated by the FCA (721341). Registered office: Suite 4, Albion House, Macclesfield",04743925,437 1441 64,,PayMonthly Widget,,Representative APR 19.9%,Wix,3.8.4,3.9,492,,,https://instagram.com/inghamandsons,"Mon-Fri 9am-6pm, Sat 9am-5pm, Sun Closed",,yes,yes,yes,617,2003,01e614ff0a4b24326c7c4e748fe3d90d,en
CRW-00084,2026-08-29T23:31:00Z,https://www.yardleycarcentre.uk/contact-us,https://www.yardleycarcentre.uk/contact-us,200,contact,Yardley Car Centre | Used Cars in Liverpool,Welcome to Yardley Car Centre,"Find your next car at Yardley Car Centre, Liverpool. Finance available.",YARDLEY CAR CENTRE,"Riverside Business Park, 29 Hall Lane, Liverpool, Merseyside, L9 2YE",L9 2YE,"+44 151 496 0042,07700900301",contact@yardleycarcentre.uk;yardleycar12@gmail.com,© Yardley Car Centre 2025 | Co. No 02161484 | VAT Reg: GB 753070057 | Firm Reference Number 775812,02161484,GB 753070057,775812,,,,Motorsite,6.4.15,3.9,310,3.4,https://www.facebook.com/yardleycarcentre,,By appointment,,yes,12 month warranty,0,142,1050,2d5b0156fca69ad6860eca61a3f501d9,en-GB
CRW-00029,2026-09-05T13:52:00Z,https://www.thornleyandkenworthy.com/contact-us,https://www.thornleyandkenworthy.com/contact-us,200,contact,Welcome to Thornley & Kenworthy,,,,"Riverside Business Park, Park Lane, Stockport, SK3 7UG",SK3 7UG,+44 1632 960086,enquiries@thornleyandkenworthy.com;finance@thornleyandkenworthy.com,"© Thornley & Kenworthy 2024 Company number 15588230 VAT No. 718612042 FCA FRN: 652189 Registered office: 2nd Floor, Carlton Chambers, Leeds",,718612042,652189,,,,,,4.7,784,,https://www.facebook.com/thornleyandkenworthy,,"Mon-Fri 9am-6pm, Sat 9am-5pm, Sun Closed",,,yes,true,777,3094,ae7ce2fc25d5360427b10f88bb72cedd,en-GB
CRW-00112,2026-08-26T13:40:00Z,https://www.carvercarsalesderby.co.uk/contact-us,https://www.carvercarsalesderby.co.uk/contact-us,200,contact,Used Cars Derby | Carver Car Sales,Welcome to Carver Car Sales,Carver Car Sales are an independent used car dealer based in Derby.,,"Meadow Industrial Estate, 24 Mill Lane, Derby, Derbyshire, DE1 7SG",DE1 7SG,01632 960080,hello@carvercarsalesderby.co.uk,Carver Car Sales Limited t/a Carver Car Sales Company number 9517036 Firm Reference Number 608422,9517036,,608422,,,,Squarespace,,3.5,879,3.9,https://www.facebook.com/carvercarsales,https://instagram.com/carvercarsales,By appointment,,Y,,true,2330,2372,086efee6b9dd5bd7cab593ee54d43330,en
CRW-00106,2026-08-28T22:34:00Z,https://www.prestigecarcentre.com/used-cars,https://www.prestigecarcentre.com/used-cars,200,stock,Prestige Car Centre | Used Cars in Stockport,Prestige Car Centre,"Find your next car at Prestige Car Centre, Stockport. Finance available.",PRESTIGE CAR CENTRE,"Northgate Retail Park, Marsh Lane, Stockport, SK1 4ND",SK14ND,01632 960776,info@prestigecarcentre.com,© Prestige Car Centre 2025 | FCA FRN: 788585,,,788585,QuoteWare,,13.9,Wix,3.6.19,,,,https://www.facebook.com/prestigecarcentre,,"Mon-Fri 9am-6pm, Sat 9am-5pm, Sun Closed",,yes,12 month warranty,yes,2054,1072,cabf37e667df39d18ebe0194d1d5a324,en-GB
CRW-00146,2026-09-04T03:41:00Z,https://www.ashworthcarsmanchester.co.uk/finance,https://www.ashworthcarsmanchester.co.uk/finance,200,finance,Ashworth Cars Manchester | Used Cars in Manchester,Ashworth Cars Manchester,Ashworth Cars Manchester are an independent used car dealer based in Manchester.,Ashworth Cars Manchester,,,0161 496 0678,hello@ashworthcarsmanchester.co.uk;ashworthca95@gmail.com,Ashworth Car Group Ltd t/a Ashworth Cars Manchester Registered in England & Wales No. 7847627 Firm Reference Number 615152,7847627,,,,,,CarCMS,,4.4/5,886,,,,By appointment,,yes,yes,,295,2893,80776ef4aea6845ccff3aee678694e3c,en-GB
CRW-00152,2026-08-30T15:50:00Z,https://peakmotorco.co.uk/contact-us,https://peakmotorco.co.uk/contact-us,200,contact,Peak Motor Co | Used Cars in Chesterfield,Welcome to Peak Motor Co,"Find your next car at Peak Motor Co, Chesterfield. Finance available.",Peak Motor Co,"19 Park Lane, Chesterfield, S41 4WT",S414WT,+441632960346,hello@peakmotorco.co.uk,Copyright JRM Vehicle Sales Limited 2026 | Co. No 09231116 | We are authorised and regulated by the FCA (756122).,09231116,,756122,,,,DealerSites UK,3.5.5,,,,,https://instagram.com/peakmotorco,Mon - Sat: 09:00 - 18:00 Sunday: 10:00 - 16:00,,Y,yes,1,597,1719,300537fe7a78762f420ffccfbe505c92,
CRW-00078,2026-08-21T07:22:00Z,https://www.gtcars.co.uk/,https://www.gtcars.co.uk/,200,home,GT Cars | Used Cars in Bristol,,"Find your next car at GT Cars, Bristol. Finance available.",GT Cars (UK) Limited,"52 Park Lane, Bristol, BS34 8QT",,0117 496 0037,,© GT Cars 2026 Company number 02645390 VAT No. GB 453316170,02645390,,,,,,,,3.5,387,,,https://instagram.com/gtcars,,,true,3 months,,990,1852,110d61c26e61cdb3de6fa9095e2e028a,en-US
CRW-00019,2026-08-24T16:32:00Z,http://www.peakautocentre.co.uk/about-us,https://www.peakautocentre.co.uk/about-us,200,about,Used Cars Newcastle upon Tyne | Peak Autocentre,Quality used cars in Newcastle upon Tyne,"Find your next car at Peak Autocentre, Newcastle upon Tyne. Finance available.",PEAK AUTOCENTRE,,,01914980986,sales@peakautocentre.co.uk;parts@peakautocentre.co.uk;peakautoce24@gmail.com,Copyright Peak Autocentre Limited 2024 | VAT: 450283174 | Peak Autocentre Limited is an Appointed Representative of Autolink Credit Partners Limited who are authorised and regulated by the Financial Conduct Authority (FRN 628633).,,450283174,,,,,,,4.1,563,,,,Mon - Sat: 09:00 - 18:00 Sunday: 10:00 - 16:00,,yes,yes,true,333,822,26266865d03f161530096e7f740a1d6e,en-GB
CRW-00072,2026-09-14T22:35:00Z,https://kenworthymotorcompany.co.uk/finance,https://kenworthymotorcompany.co.uk/finance,200,finance,Kenworthy Motor Company - Finance,,Kenworthy Motor Company are an independent used car dealer based in Glasgow.,KENWORTHY MOTOR COMPANY,,,+44 141 496 0381,hello@kenworthymotorcompany.co.uk,© Kenworthy Motor Company 2026 | VAT Registration Number GB 260012029 | Firm Reference Number 860316,,260012029,860316,AutoQuote,,10.9%,Squarespace,2.5.17,,,3.1,,,,,1,yes,TRUE,853,2959,aebbc64e4eddc9520f0617701c2c5a98,en-US
CRW-00048,2026-08-29T00:53:00Z,http://www.pendlevehiclesales.co.uk/about-us,https://www.pendlevehiclesales.co.uk/about-us,200,about,Pendle Vehicle Sales - About,Quality used cars in Bristol,"Find your next car at Pendle Vehicle Sales, Bristol. Finance available.",PENDLE VEHICLE SALES,,,0117 496 0929,sales@pendlevehiclesales.co.uk;pendle@pendlevehiclesales.co.uk;pendlevehi85@gmail.com,Pendle Vehicle Sales Limited t/a Pendle Vehicle Sales Pendle Vehicle Sales Limited is an Appointed Representative of Motor Finance Network Limited who are authorised and regulated by the Financial Conduct Authority (FRN 752458).,,,752458,,,,CarCMS,,4.9,20 reviews,,,https://instagram.com/pendlevehicles,,,yes,no,0,2358,2630,50d9f71d2854e9feb894f08ce1d0d34b,en-GB
CRW-00145,2026-09-20T20:14:00Z,http://www.ashworthcarsmanchester.co.uk/about-us,https://www.ashworthcarsmanchester.co.uk/about-us,200,about,Used Cars Manchester | Ashworth Cars Manchester,Ashworth Cars Manchester,,ASHWORTH CARS MANCHESTER,,,0161 496 0678,hello@ashworthcarsmanchester.co.uk,© Ashworth Cars Manchester 2025 Registered in England & Wales No. 7847627 VAT Reg: GB 620830472 We are authorised and regulated by the FCA (615152).,,,615152,,,,CarCMS,3.4.5,4.4,886,,,https://instagram.com/ashworthcarsma,"Mon-Fri 9am-6pm, Sat 9am-5pm, Sun Closed",,1,yes,false,1925,1965,f606685ca16d98c8bddf3cf08682f2c3,en-US
CRW-00087,2026-08-26T08:51:00Z,https://valuecarcentre.uk/about-us,https://valuecarcentre.uk/about-us,200,about,Value Car Centre | Used Cars in Preston,Value Car Centre,Value Car Centre are an independent used car dealer based in Preston.,Value Car Centre,"Unit 7A, Kingsway Trading Estate, Moor Lane, Preston, Lancashire, PR5 4EB",PR54EB,01632 960011,info@valuecarcentre.uk,© Value Car Centre 2024 | Co. No 06730082 | VAT: 965462000,06730082,965462000,,,,,Motorsite,,3.5,291,,,,,,,,1,900,1651,9d6efb4a421adda3524e7227a71198ad,
CRW-00150,2026-08-29T18:23:00Z,https://www.smith-motors.co.uk/,https://www.smith-motors.co.uk/,200,home,Smith Motors - Home,Smith Motors,"Find your next car at Smith Motors, Leeds. Finance available.",Smith Motors,"Meadow Industrial Estate, 9-187 Bridge Street, Leeds, LS11 4WX",LS114WX,01134960031,info@smith-motors.co.uk,Smith Motors Limited t/a Smith Motors | Registered in England & Wales No. 3545926 | FCA FRN: 903008,,,903008,,,,Wix,,,,,,,Mon - Sat: 09:00 - 18:00 Sunday: 10:00 - 16:00,49,true,,true,1866,2967,4a284905cb9e8007be56af19a3e5c78d,en-GB
CRW-00153,2026-08-21T07:46:00Z,http://www.peakmotorco.co.uk/finance,https://www.peakmotorco.co.uk/finance,200,finance,PEAK MOTOR CO | Quality Used Cars,,"Find your next car at Peak Motor Co, Chesterfield. Finance available.",Peak Motor Co,"19 Park Lane, Chesterfield, Derbyshire, S41 4WT",S41 4WT,01632960346,hello@peakmotorco.co.uk,JRM Vehicle Sales Limited t/a Peak Motor Co Company number 09231116 VAT: GB 906 6604 24 Firm Reference Number 756122,09231116,GB 906 6604 24,756122,AutoQuote,,10.9,DealerSites UK,,,,4.7,,,Monday to Saturday 9-5.30,,1,,false,696,2086,6701c19d739f9c4805bc71243d77bd58,en-GB
CRW-00155,2026-09-09T21:11:00Z,http://www.brooksidemotors.co.uk/used-cars,https://www.brooksidemotors.co.uk/used-cars,200,stock,BROOKSIDE MOTORS | Quality Used Cars,Quality used cars in Nottingham,Brookside Motors are an independent used car dealer based in Nottingham.,Brookside Motors,,,01154960538,hello@brooksidemotors.co.uk;brookside@brooksidemotors.co.uk,© Brookside Motors 2024 | Co. No 6424928 | We are authorised and regulated by the FCA (853791).,,,,PayMonthly Widget,,19.9,Squarespace,,4.9/5,768,,,,Monday to Saturday 9-5.30,,1,,true,1509,1777,b13610bd44761dfd5fcf216334bf5662,en-US
CRW-00079,2026-08-30T23:47:00Z,http://www.gtcars.co.uk/about-us,https://www.gtcars.co.uk/about-us,200,about,GT CARS | Quality Used Cars,,,GT Cars,,,01174960037,,GT Cars (UK) Limited t/a GT Cars | Company Reg: 02645390 | VAT No. 453 3161 70,02645390,453 3161 70,,,,,,4.1.17,3.5,387,3.1,https://www.facebook.com/gtcars,,"Mon-Fri 9am-6pm, Sat 9am-5pm, Sun Closed",,Y,3 months,yes,290,3152,6d5d17000e5650799633c636635c49ac,en
CRW-00002,2026-09-18T23:39:00Z,https://www.leicesterautos.co.uk/about-us,https://www.leicesterautos.co.uk/about-us,200,about,LEICESTER AUTOS | Quality Used Cars,Quality used cars in Leicester,,Leicester Autos Limited,"76 Parkway, Leicester, Leicestershire, LE19 9UQ",,0116 496 0785,hello@leicesterautos.co.uk;leicestera97@gmail.com,"Copyright Leicester Autos Limited 2026 Company Reg: 11468952 VAT: GB410798158 Registered office: 2nd Floor, Carlton Chambers, Leeds",11468952,,,,,,Wix,,3.8,191,,,,"Mon-Fri 9am-6pm, Sat 9am-5pm, Sun Closed",,Y,12 month warranty,false,1162,665,c21394a861ac22371fcba37ab4ecf91d,en-US
CRW-00030,2026-09-16T15:12:00Z,http://www.thornleyandkenworthy.com/finance,https://www.thornleyandkenworthy.com/finance,200,finance,THORNLEY & KENWORTHY | Quality Used Cars,Quality used cars in Stockport,Thornley & Kenworthy are an independent used car dealer based in Stockport.,TQL Vehicle Sales Limited,,,01632960086,enquiries@thornleyandkenworthy.com,"© Thornley & Kenworthy 2024 Firm Reference Number 652189 Registered office: 2nd Floor, Carlton Chambers, Leeds",,,652189,QuoteWare,,11.9% APR Representative,AutoWeb Pro,4.7.8,,,,https://www.facebook.com/thornleyandkenworthy,,"Mon-Fri 9am-6pm, Sat 9am-5pm, Sun Closed",,1,no,yes,806,2176,d1be72ae28525d9b039a81905836aecf,en-US
CRW-00047,2026-09-10T08:35:00Z,https://pendlevehiclesales.co.uk/finance,https://pendlevehiclesales.co.uk/finance,200,finance,Pendle Vehicle Sales | Used Cars in Bristol,Pendle Vehicle Sales,Pendle Vehicle Sales are an independent used car dealer based in Bristol.,Pendle Vehicle Sales,"23 Ring Road, Bristol, BS5 8DU",,01174960929,sales@pendlevehiclesales.co.uk;parts@pendlevehiclesales.co.uk,Copyright Pendle Vehicle Sales Limited 2024 | Company number 03655004 | VAT No. 148 2941 50 | Pendle Vehicle Sales Limited is an Appointed Representative of Motor Finance Network Limited who are authorised and regulated by the Financial Conduct Authority (FRN 752458).,,,,autoquote,Keystone Car Credit,19.9,CarCMS,,4.9,20,4.6,https://www.facebook.com/pendlevehiclesales,https://instagram.com/pendlevehicles,By appointment,,,,0,1566,2540,1dcf2bcf72923b15f9749af614566d13,en-GB
CRW-00023,2026-09-24T09:22:00Z,https://www.elitecars.co.uk/contact-us,https://www.elitecars.co.uk/contact-us,200,contact,Elite Cars | Used Cars in Nottingham,Elite Cars,Elite Cars are an independent used car dealer based in Nottingham.,ELITE CARS,"Northgate Retail Park, 20-193 Hall Lane, Nottingham, NG7 3NU",NG7 3NU,0115 496 0244,sales@elitecars.co.uk,© Elite Cars 2024 | Company Reg: 09187651 | VAT: GB 828 1953 06 | ZSO Vehicle Sales Limited is an Appointed Representative of Dealer Broker Services Ltd who are authorised and regulated by the Financial Conduct Authority (FRN 994838).,,,994838,,,,WordPress,,4.0,546,,https://www.facebook.com/elitecars,https://instagram.com/elitecars,"Mon-Fri 9am-6pm, Sat 9am-5pm, Sun Closed",,,12 month warranty,yes,1313,113,73f1b6bffa00bf03c798f95f96080aee,en-GB
CRW-00038,2026-09-16T12:49:00Z,http://www.peakcars.co.uk/used-cars,https://www.peakcars.co.uk/used-cars,200,stock,Welcome to Peak Cars,Peak Cars,"Find your next car at Peak Cars, Preston. Finance available.",Peak Cars,"Northgate Retail Park, King Street, Preston, Lancashire, PR2 3RF",PR2 3RF,+44 1632 960768; (07700) 900432,hello@peakcars.co.uk;peak@peakcars.co.uk,© Peak Cars 2026 | FCA FRN: 974441,,,974441,PayMonthly Widget,,,CarCMS,6.5.5,,,3.5,https://www.facebook.com/peakcars,,,84,,,,1673,2261,35b0cbe208d17b9dc11f4ac0f72f01c5,en-GB
CRW-00059,2026-09-22T05:02:00Z,http://www.apexautocentrechesterfield.co.uk/about-us,https://www.apexautocentrechesterfield.co.uk/about-us,200,about,Welcome to Apex Autocentre,,"Find your next car at Apex Autocentre, Chesterfield. Finance available.",Apex Autocentre,"Northgate Retail Park, 11 Chapel Street, Chesterfield, S40 6TZ",S40 6TZ,01632 960529,hello@apexautocentrechesterfield.co.uk;service@apexautocentrechesterfield.co.uk,"Copyright Apex Autocentre Limited 2024 VAT No. GB 708878585 FCA FRN: 788449 Registered office: Northgate Retail Park, Chesterfield",,708878585,,,,,CarCMS,,3.9,351,,https://www.facebook.com/apexautocentre,https://instagram.com/apexautocentre,Mon - Sat: 09:00 - 18:00 Sunday: 10:00 - 16:00,,yes,yes,,2337,2064,b4e9e72541715bfad8206f25fd475935,en-GB
CRW-00086,2026-09-04T22:10:00Z,http://www.leicesterautocentre.co.uk/,https://www.leicesterautocentre.co.uk/,200,home,Leicester Autocentre | Used Cars in Leicester,Leicester Autocentre,"Find your next car at Leicester Autocentre, Leicester. Finance available.",LEICESTER AUTOCENTRE,"Unit 29A, The Old Foundry, Church Street, Leicester, LE3 8TT",LE3 8TT,0116 496 0017,hello@leicesterautocentre.co.uk,"Copyright Leicester Automotive Limited 2026 | Company number 15253958 | VAT No. GB 903 6345 40 | Firm Reference Number 890638 | Registered office: Unit 29A, The Old Foundry, Leicester",15253958,,,AutoQuote,"Lantern Motor Finance, Northbridge Motor Finance, Meridian Auto Loans",10.9% APR Representative,Wix,6.6.9,4.9,40 reviews,,https://www.facebook.com/leicesterautocentre,,Monday to Saturday 9-5.30,,Y,yes,TRUE,711,1532,3c0076ed6ee2da160b5c51c2309f76c7,en-GB
CRW-00132,2026-08-24T12:20:00Z,https://www.eastwaymotors.co.uk/used-cars,https://www.eastwaymotors.co.uk/used-cars,200,stock,Used Cars Reading | Eastway Motors,Welcome to Eastway Motors,"Find your next car at Eastway Motors, Reading. Finance available.",Eastway Motors,,,0118 496 0264,enquiries@eastwaymotors.co.uk;eastwaymot16@gmail.com,Eastway Motors Limited t/a Eastway Motors | Company Reg: 07994054 | Authorised and regulated by the Financial Conduct Authority FRN 664933.,07994054,,,FinanceCalc Pro,Pennine Vehicle Finance; Meridian Auto Loans,,CarCMS,,,,3.3,https://www.facebook.com/eastwaymotors,https://instagram.com/eastwaymotors,Mon - Sat: 09:00 - 18:00 Sunday: 10:00 - 16:00,89,,yes,0,512,2340,3c417e4d84244c94f8673c98231d3a1e,en-US
CRW-00158,2026-08-23T12:46:00Z,http://www.davesautos.uk/about-us,https://www.davesautos.uk/about-us,200,about,Dave’s Autos - About,Dave’s Autos,"Find your next car at Dave’s Autos, Stoke-on-Trent. Finance available.",Dave’s Autos,,,0044 1632 960447,contact@davesautos.uk;service@davesautos.uk;davesautos34@gmail.com,Dave's Autos is a trading style of David Price. Authorised and regulated by the Financial Conduct Authority FRN 682399.,,,,,,,Squarespace,,,,,,https://instagram.com/davesautos,"Mon-Fri 9am-6pm, Sat 9am-5pm, Sun Closed",,true,yes,yes,1842,335,33ee44a1ced93f52bf858e194505d986,en-US
CRW-00126,2026-09-24T13:45:00Z,https://northgatevancentre.com/used-cars,https://northgatevancentre.com/used-cars,200,stock,Northgate Van Centre | Used Cars in Stoke-on-Trent,,Northgate Van Centre are an independent used car dealer based in Stoke-on-Trent.,NORTHGATE VAN CENTRE,"Northgate Retail Park, Trinity Way, Stoke-on-Trent, ST3 8PS",ST3 8PS,(01632) 960286,info@northgatevancentre.com;finance@northgatevancentre.com;northgatev61@gmail.com,© 2024 Northgate Van Centre Limited. All rights reserved. Northgate Van Centre Limited is an Appointed Representative of Dealer Broker Services Ltd who are authorised and regulated by the Financial Conduct Authority (FRN 994838).,,,994838,FinanceCalc Pro,Northbridge Motor Finance,Representative APR 11.9%,Wix,5.8.11,3.9,830,,,,"Mon-Fri 9am-6pm, Sat 9am-5pm, Sun Closed",43,true,yes,0,896,2182,59b7cd60e735bc804d874bf21e68f5f7,en
CRW-00088,2026-09-09T03:00:00Z,https://thornleyandpickering.com/contact-us,https://thornleyandpickering.com/contact-us,200,contact,Used Cars Manchester | Thornley & Pickering,Thornley & Pickering,,,"Unit 30, Kingsway Trading Estate, Brook Lane, Manchester, M12 5YJ",M12 5YJ,01614960762,contact@thornleyandpickering.com,"Thornley & Pickering Limited t/a Thornley & Pickering | Company Reg: 12373897 | Firm Reference Number 971613 | Registered office: Unit 30, Kingsway Trading Estate, Manchester",12373897,,,,,,Wix,2.3.5,4.2,322,,,,Monday to Saturday 9-5.30,,true,3 months,false,1822,895,1e8e9b9daef0f9c95aa6d89463938a80,en-GB
CRW-00144,2026-09-25T05:49:00Z,https://westonmotorgroup.co.uk/branches/warrington,https://westonmotorgroup.co.uk/branches/warrington,200,home,WESTON VAN CENTRE | Quality Used Cars,Quality used cars in Warrington,"Find your next car at Weston Van Centre, Warrington. Finance available.",,"214 Queens Road, Warrington, WA1 8BF",WA1 8BF,01632 960867,enquiries@westonmotorgroup.co.uk;parts@westonmotorgroup.co.uk,Copyright Weston Motor Group Limited 2026 | Registered in England & Wales No. 5780177 | VAT Reg: 969 3365 68 | We are authorised and regulated by the FCA (983390).,,,983390,,,,,,,,,https://www.facebook.com/westonvancentre,,"Mon-Fri 9am-6pm, Sat 9am-5pm, Sun Closed",130,Y,,true,451,1960,39ae886c6067e44f182ae2fc074556a2,en
CRW-00021,2026-09-08T04:22:00Z,https://www.cromptoncarsalescardiff.co.uk/used-cars,https://www.cromptoncarsalescardiff.co.uk/used-cars,200,stock,Used Cars Cardiff | Crompton Car Sales,,,Crompton Car Sales,"Riverside Business Park, Hall Lane, Cardiff, CF10 2DQ",CF102DQ,029 2018 0208,hello@cromptoncarsalescardiff.co.uk,"Crompton Car Sales Limited t/a Crompton Car Sales Co. No 02922768 VAT Reg: GB 881 4401 30 Crompton Car Sales Limited is an Appointed Representative of Autolink Credit Partners Limited who are authorised and regulated by the Financial Conduct Authority (FRN 628633). Registered office: Unit 5, Kingsway Trading Estate, Cardiff",02922768,GB 881 4401 30,628633,,,,Motorsite,,3.4,537,,,https://instagram.com/cromptoncarsal,Mon - Sat: 09:00 - 18:00 Sunday: 10:00 - 16:00,44,,no,,787,424,9fdee42916f37f805765787b9cd77f50,en
CRW-00111,2026-09-09T21:26:00Z,https://www.kershawcarslondon.co.uk/,https://www.kershawcarslondon.co.uk/,200,home,Kershaw Cars - Home,Welcome to Kershaw Cars,,Kershaw Cars,"The Old Foundry, 29 Bradford Road, London, NW10 6RQ",NW106RQ,020 7946 0697,contact@kershawcarslondon.co.uk,Kershaw Cars Limited t/a Kershaw Cars Co. No 06426160 Kershaw Cars Limited is an Appointed Representative of Dealer Broker Services Ltd who are authorised and regulated by the Financial Conduct Authority (FRN 994838).,06426160,,,PayMonthly Widget,Northbridge Motor Finance,Representative APR 10.9%,Squarespace,,4.6,162,,,https://instagram.com/kershawcars,Monday to Saturday 9-5.30,130,Y,,true,557,2506,c4ca0a835551d2fc8a7ee9c843db1a46,en-GB
CRW-00081,2026-08-29T15:12:00Z,https://shuttleworthcarsleicester.co.uk/used-cars,https://shuttleworthcarsleicester.co.uk/used-cars,200,stock,Used Cars Leicester | Shuttleworth Cars,Quality used cars in Leicester,Shuttleworth Cars are an independent used car dealer based in Leicester.,,"110 Parkway, Leicester, Leicestershire, LE5 6YJ",LE5 6YJ,01164960505,,Copyright Shuttleworth Cars Limited 2024 | Co. No 02196813 | VAT Reg: GB633928520 | We are authorised and regulated by the FCA (742126).,02196813,GB633928520,742126,PayMonthly Widget,Albion Auto Credit,12.9% APR Representative,,,,,,,,,226,,,1,1853,88,5c49cd29a2958e672a707b9c1d5e082d,en
CRW-00095,2026-08-27T14:43:00Z,https://www.openshawmotorcompany.com/about-us,https://www.openshawmotorcompany.com/about-us,200,about,Openshaw Motor Company | Used Cars in Wolverhampton,Openshaw Motor Company,"Find your next car at Openshaw Motor Company, Wolverhampton. Finance available.",Openshaw Motor Company,,,+44 1632 960150,enquiries@openshawmotorcompany.com,© Openshaw Motor Company 2026 Co. No 8398392 VAT: GB415548648 Dawson Holdings Limited is an Appointed Representative of Autolink Credit Partners Limited who are authorised and regulated by the Financial Conduct Authority (FRN 628633).,8398392,,628633,,,,WordPress,,3.8,796,,https://www.facebook.com/openshawmotorcompany,https://instagram.com/openshawmotorc,Mon - Sat: 09:00 - 18:00 Sunday: 10:00 - 16:00,,,no,yes,1452,910,fcc7a529e34d76a907f8e13ae720e817,en-GB
CRW-00143,2026-09-19T01:12:00Z,http://www.westonmotorgroup.co.uk/branches/macclesfield,https://www.westonmotorgroup.co.uk/branches/macclesfield,200,home,Weston Motors Macclesfield - Home,,,WESTON MOTORS MACCLESFIELD,"27 Brook Lane, Macclesfield, SK10 7YR",,01632960856,sales@westonmotorgroup.co.uk,© 2026 Weston Motor Group Limited. All rights reserved. Co. No 05780177 VAT Reg: 969 3365 68 Firm Reference Number 983390,05780177,969 3365 68,983390,,,,CarCMS,,,,,https://www.facebook.com/westonmotorsmacclesfield,,Monday to Saturday 9-5.30,,Y,,yes,2230,613,3d9daab6a29521cf46579824fc88d4f7,en-US
CRW-00050,2026-09-19T07:35:00Z,https://riversidevehiclecentre.com/used-cars,https://riversidevehiclecentre.com/used-cars,200,stock,Welcome to Riverside Vehicle Centre,,Riverside Vehicle Centre are an independent used car dealer based in Nottingham.,Riverside Vehicle Centre,,,0115 496 0093,,Copyright Riverside Vehicle Centre Limited 2025 | VAT Reg: 271383165 | Riverside Vehicle Centre Limited is an Appointed Representative of Autolink Credit Partners Limited who are authorised and regulated by the Financial Conduct Authority (FRN 628633).,,,628633,,,,,,4.9,407,4.3,https://www.facebook.com/riversidevehiclecentre,https://instagram.com/riversidevehic,By appointment,,Y,,yes,1601,2605,05362bd2727d97415df9939c9a958893,en-GB
CRW-00064,2026-09-01T00:30:00Z,https://www.tattersallmotorcompany.co.uk/,https://www.tattersallmotorcompany.co.uk/,200,home,Used Cars London | Tattersall Motor Company,,Tattersall Motor Company are an independent used car dealer based in London.,Tattersall Motor Company,"Riverside Business Park, Spring Street, London, E10 5HH",E105HH,+442079460941,hello@tattersallmotorcompany.co.uk;service@tattersallmotorcompany.co.uk,Tattersall Motor Company Limited t/a Tattersall Motor Company | Company number 06047241 | VAT Registration Number GB 269583506 | We are authorised and regulated by the FCA (963356).,06047241,269583506,963356,AutoQuote,,Representative APR 19.9%,Motorsite,,,,,https://www.facebook.com/tattersallmotorcompany,,"Mon-Fri 9am-6pm, Sat 9am-5pm, Sun Closed",141,yes,3 months,0,2199,1236,839bf5863e54e3ed8e89aef4dd73cfc4,
CRW-00075,2026-09-27T07:11:00Z,https://fairbrothercarsales.com/used-cars,https://fairbrothercarsales.com/used-cars,200,stock,FAIRBROTHER CAR SALES | Quality Used Cars,Quality used cars in Liverpool,Fairbrother Car Sales are an independent used car dealer based in Liverpool.,,,,0151 496 0184,enquiries@fairbrothercarsales.com,© Fairbrother Car Sales 2026 Company Reg: 05860635 VAT No. GB 197604333 Firm Reference Number 938657,,197604333,938657,PayMonthly Widget,"Pennine Vehicle Finance, Lantern Motor Finance",11.9% APR Representative,CarCMS,,4.2/5,766,,https://www.facebook.com/fairbrothercarsales,,By appointment,129,,yes,TRUE,606,2661,dc6d31d4bd7748c0cb117e4393622857,en
CRW-00024,2026-09-04T15:41:00Z,https://pendlemotors.co.uk/finance,https://pendlemotors.co.uk/finance,200,finance,Used Cars Stockport | Pendle Motors,Quality used cars in Stockport,"Find your next car at Pendle Motors, Stockport. Finance available.",PENDLE MOTORS,"The Old Foundry, Spring Street, Stockport, SK4 1HU",,01632 960209,enquiries@pendlemotors.co.uk,"Copyright ZNM Vehicle Sales Limited 2024 VAT: GB 427 1051 84 Authorised and regulated by the Financial Conduct Authority FRN 645854. Registered office: The Old Foundry, Stockport",,GB 427 1051 84,645854,FinanceCalc Pro,,13.9,DealerSites UK,,4.6,558,4.4,,,"Mon-Fri 9am-6pm, Sat 9am-5pm, Sun Closed",,Y,no,yes,2063,2736,8917c0de854fcfad0b3af7d461622bf7,en
CRW-00114,2026-09-21T00:56:00Z,http://www.moorcroftmotorcompany.co.uk/about-us,https://www.moorcroftmotorcompany.co.uk/about-us,200,about,Moorcroft Motor Company | Used Cars in Glasgow,Welcome to Moorcroft Motor Company,,Moorcroft Motor Company,"The Old Foundry, 19-85 Marsh Lane, Glasgow, G51 6SZ",G51 6SZ,0141 496 0326 | 07700 900479,info@moorcroftmotorcompany.co.uk,"© Moorcroft Motor Company 2026 | Company Reg: SC496220 | We are authorised and regulated by the FCA (825067). | Registered office: The Old Foundry, Glasgow",SC496220,,825067,,,,Wix,,,,4.6,https://www.facebook.com/moorcroftmotorcompany,https://instagram.com/moorcroftmotor,Monday to Saturday 9-5.30,,1,yes,yes,1467,3042,9f1c8173474361c0a0efd3aa7dc385a0,en-US
CRW-00159,2026-08-28T06:54:00Z,http://www.davesautos.uk/used-cars,https://www.davesautos.uk/used-cars,200,stock,Used Cars Stoke-on-Trent | Dave's Autos,Welcome to Dave's Autos,Dave's Autos are an independent used car dealer based in Stoke-on-Trent.,Dave's Autos,"17 Bath Street, Stoke-on-Trent, ST1 7AU",ST17AU,+44 1632 960447,contact@davesautos.uk,Dave's Autos is a trading style of David Price. | Authorised and regulated by the Financial Conduct Authority FRN 682399.,,,682399,PayMonthly Widget,,Representative APR 12.9%,Squarespace,,4.9,898 reviews,,,,,,,yes,0,1407,2439,43165d9d4108ee9d24fe28b03255e446,en
CRW-00033,2026-09-04T07:38:00Z,http://www.lrcars.co.uk/about-us,https://www.lrcars.co.uk/about-us,200,about,Welcome to LR Cars,LR Cars,,LR Cars,,,01632 960154,sales@lrcars.co.uk,© 2025 LR Cars (UK) Limited. All rights reserved. | Co. No 02404769 | FCA FRN: 778353,02404769,,,,,,AutoWeb Pro,4.6.17,4.0,690,,https://www.facebook.com/lrcars,,,,,,0,697,650,daf689f6594fa673cec959350de5a61c,en-GB
CRW-00045,2026-08-27T14:13:00Z,https://www.birtwistlemotorcompany.uk/finance,https://www.birtwistlemotorcompany.uk/finance,200,finance,Welcome to Birtwistle Motor Company,Birtwistle Motor Company,Birtwistle Motor Company are an independent used car dealer based in Newcastle upon Tyne.,BIRTWISTLE MOTOR COMPANY,"Phoenix Court, Mill Lane, Newcastle upon Tyne, NE6 1EX",,(0191) 498 0305,,"Copyright Birtwistle Motor Company Limited 2025 | Company number 02978309 | VAT Reg: 121385692 | Registered office: Suite 4, Albion House, Macclesfield",,121385692,,FinanceCalc Pro,"Lantern Motor Finance, Albion Auto Credit, Pennine Vehicle Finance",Representative APR 19.9%,,,4.3,766,,https://www.facebook.com/birtwistlemotorcompany,,"Mon-Fri 9am-6pm, Sat 9am-5pm, Sun Closed",,1,yes,0,2073,904,a85742a0a93d9788444191467d116c72,en-GB
CRW-00167,2026-08-20T13:04:00Z,https://www.ukcardealerdirectory.example/yorkshire?page=6,https://www.ukcardealerdirectory.example/yorkshire?page=6,200,directory,Car Dealers Near You | UK Car Dealer Directory,,,UK Car Dealer Directory,Leeds / Leek / Preston,,(0113) 496 0031 | +441632960631 | 01632960768,,© 2026 UK Car Dealer Directory Ltd. Listings are provided by third parties.,,,,,,,,,,,,,,,,,,,354,82,c2023a0f5ed6ef9498e3de7c7edb38dd,en
CRW-00109,2026-08-30T06:31:00Z,https://wolstenholmeautosbirmingham.co.uk/used-cars,https://wolstenholmeautosbirmingham.co.uk/used-cars,200,stock,Wolstenholme Autos | Used Cars in Birmingham,Welcome to Wolstenholme Autos,"Find your next car at Wolstenholme Autos, Birmingham. Finance available.",Wolstenholme Autos Limited,,,(0121) 496 0508,hello@wolstenholmeautosbirmingham.co.uk;parts@wolstenholmeautosbirmingham.co.uk,"Wolstenholme Autos Limited t/a Wolstenholme Autos | Co. No 07093337 | VAT Reg: GB 694 1683 00 | We are a credit broker, not a lender.",07093337,,,QuoteWare,Pennine Vehicle Finance; Northbridge Motor Finance; Lantern Motor Finance,12.9%,Wix,,,,,,,,,,,true,2026,1227,7de2df845293e8280e744820774a4491,en
CRW-00020,2026-09-26T11:33:00Z,https://www.peakautocentre.co.uk/used-cars,https://www.peakautocentre.co.uk/used-cars,200,stock,Peak Autocentre - Stock,Welcome to Peak Autocentre,"Find your next car at Peak Autocentre, Newcastle upon Tyne. Finance available.",Peak Autocentre Limited,,,+44 191 498 0986,sales@peakautocentre.co.uk;finance@peakautocentre.co.uk,© 2025 Peak Autocentre Limited. All rights reserved. | VAT Reg: GB 450283174 | Peak Autocentre Limited is an Appointed Representative of Autolink Credit Partners Limited who are authorised and regulated by the Financial Conduct Authority (FRN 628633).,,,,,,,WordPress,,,,4.1,,https://instagram.com/peakautocentre,"Mon-Fri 9am-6pm, Sat 9am-5pm, Sun Closed",,,12 month warranty,false,1695,1972,a70a5e401cfaa96b0cf28db6c7236048,en-GB
CRW-00032,2026-09-24T21:55:00Z,https://www.dawsonandsons.co.uk/contact-us,https://www.dawsonandsons.co.uk/contact-us,200,contact,Welcome to Dawson & Sons,Dawson & Sons,"Find your next car at Dawson & Sons, Wolverhampton. Finance available.",Dawson & Sons,"Phoenix Court, Ring Road, Wolverhampton, WV10 7NL",,01632 960180,info@dawsonandsons.co.uk,"Radcliffe Holdings Limited t/a Dawson & Sons Co. No 08579294 VAT Reg: GB 196 0278 42 Registered office: Phoenix Court, Wolverhampton",,GB 196 0278 42,,,,,Motorsite,,3.6,432,,,,By appointment,,1,3 months,1,2070,1448,1b775064a9cb9678dbee86e0d42f397a,en-GB
CRW-00052,2026-09-28T18:48:00Z,https://millbrookautos.co.uk/,https://millbrookautos.co.uk/,200,home,Millbrook Autos - Home,Welcome to Millbrook Autos,Millbrook Autos are an independent used car dealer based in London.,Millbrook Autos,"26-43 Mount Pleasant, London, NW10 5PA",NW10 5PA,02079460847,sales@millbrookautos.co.uk;millbrook@millbrookautos.co.uk,© 2025 Millbrook Autos Limited. All rights reserved. | Millbrook Autos Limited is an Appointed Representative of Autolink Credit Partners Limited who are authorised and regulated by the Financial Conduct Authority (FRN 628633).,,,628633,AutoQuote,,,Wix,,4.5,335 reviews,3.1,https://www.facebook.com/millbrookautos,,,202,yes,3 months,true,1682,2037,92ea2042f3b0e355fffcde9c3fb6b23a,en
CRW-00054,2026-08-21T21:40:00Z,http://www.regalcarsupermarketwarrington.co.uk/finance,https://www.regalcarsupermarketwarrington.co.uk/finance,200,finance,Regal Car Supermarket - Finance,Regal Car Supermarket,"Find your next car at Regal Car Supermarket, Warrington. Finance available.",REGAL CAR SUPERMARKET,"21-192 Parkway, Warrington, Cheshire, WA1 9WZ",,01632960077,enquiries@regalcarsupermarketwarrington.co.uk;regalcarsu69@gmail.com,© 2024 Regal Car Supermarket Limited. All rights reserved. | Company Reg: 04633695 | VAT Registration Number 625 2845 38 | Authorised and regulated by the Financial Conduct Authority FRN 739209.,,625 2845 38,,PayMonthly Widget,Keystone Car Credit; Harbour Finance; Meridian Auto Loans,11.9% APR Representative,,,4.0,338,,,,Monday to Saturday 9-5.30,,yes,no,true,2068,1877,3b2ac443a8e5916dd128c1603e4d9a4c,en-US
CRW-00156,2026-09-26T19:02:00Z,https://www.oneillmotors.london/,https://www.oneillmotors.london/,200,home,Welcome to O'Neill Motors,O'Neill Motors,O'Neill Motors are an independent used car dealer based in London.,O'NEILL MOTORS,"Kingsway Trading Estate, Trinity Way, London, E10 6FA",,020 7946 0499,,© O'Neill Motors 2025 | O'Neill Motor Company Limited is an Appointed Representative of Motor Finance Network Limited who are authorised and regulated by the Financial Conduct Authority (FRN 752458).,,,752458,quoteware,,9.9,Squarespace,2.3.8,3.7,374 reviews,,,https://instagram.com/oneillmotors,Mon - Sat: 09:00 - 18:00 Sunday: 10:00 - 16:00,79,1,,,1276,122,f4dd3b49efb0e1a72f6017ed1371f0f2,en-GB
CRW-00008,2026-09-14T04:37:00Z,https://regalautos.co.uk/used-cars,https://regalautos.co.uk/used-cars,200,stock,Welcome to Regal Autos,Welcome to Regal Autos,Regal Autos are an independent used car dealer based in Cardiff.,Regal Autos,"Meadow Industrial Estate, 11 Chapel Street, Cardiff, CF24 3AQ",CF24 3AQ,0044 29 2018 0112,sales@regalautos.co.uk;regal@regalautos.co.uk,"© 2024 Regal Autos Limited. All rights reserved. | Company number 13905195 | VAT No. 410646091 | We are authorised and regulated by the FCA (697252). | Registered office: 2nd Floor, Carlton Chambers, Leeds",13905195,410646091,697252,AutoQuote,Keystone Car Credit|Albion Auto Credit|Northbridge Motor Finance,19.9% APR Representative,Motorsite,5.4.12,4.8,179 reviews,4.2,https://www.facebook.com/regalautos,,"Mon-Fri 9am-6pm, Sat 9am-5pm, Sun Closed",152,yes,3 months,0,396,2858,93f82f2a51b8a25a17b5fec3e7a2c874,en-GB
CRW-00141,2026-08-31T07:00:00Z,https://www.westonmotorgroup.co.uk/branches/crewe,https://www.westonmotorgroup.co.uk/branches/crewe,200,home,Used Cars Crewe | Weston Motors Crewe,,,WESTON MOTORS CREWE,"The Old Foundry, Ring Road, Crewe, CW2 2TH",CW2 2TH,01632960338; 07700 900420,info@westonmotorgroup.co.uk,"© 2026 Weston Motor Group Limited. All rights reserved. Company Reg: 5780177 VAT Reg: 969 3635 68 FCA FRN: 983390 Registered office: The Old Foundry, Crewe",,969 3635 68,983390,,,,Wix,,3.9,707,,https://www.facebook.com/westonmotorscrewe,,By appointment,55,1,12 month warranty,0,1117,1950,07c55f1c10b2dfeaaa6d9387f108c1ea,
CRW-00042,2026-09-11T08:44:00Z,https://www.bradymotors.com/contact-us,https://www.bradymotors.com/contact-us,200,contact,Brady Motors | Used Cars in Leeds,,Brady Motors are an independent used car dealer based in Leeds.,,"Unit 23A, Meadow Industrial Estate, Mount Pleasant, Leeds, West Yorkshire, LS12 2EN",,0113 496 0190,,Copyright Brady Motors Limited 2026 Registered in England & Wales No. 02389669 VAT No. GB 267 0812 55 Brady Motors Limited is an Appointed Representative of Autolink Credit Partners Limited who are authorised and regulated by the Financial Conduct Authority (FRN 628633).,,267 0812 55,628633,,,,DealerSites UK,,3.7,457,3.5,,,"Mon-Fri 9am-6pm, Sat 9am-5pm, Sun Closed",,yes,yes,TRUE,2173,1750,d008738ab5f4baf25f8b7de124a4070d,en-GB
CRW-00003,2026-08-28T08:11:00Z,https://www.leicesterautos.co.uk/finance,https://www.leicesterautos.co.uk/finance,200,finance,Welcome to Leicester Autos,Leicester Autos,,Leicester Autos Limited,"76 Parkway, Leicester, LE19 9UQ",LE19 9UQ,+441164960785,,Leicester Autos Limited t/a Leicester Autos VAT Reg: 410 7981 58,,410 7981 58,,AutoQuote,"Harbour Finance, Northbridge Motor Finance",12.9,,,3.8,191,,https://www.facebook.com/leicesterautos,,Monday to Saturday 9-5.30,,Y,12 month warranty,TRUE,1954,1190,79cf67bab388eb0ad0fd41f53a385d98,en-US
CRW-00011,2026-09-01T15:35:00Z,https://selectcarsupermarket.co.uk/finance,https://selectcarsupermarket.co.uk/finance,200,finance,Select Car Supermarket | Used Cars in Glasgow,,,Select Car Supermarket,"Riverside Business Park, 12 Spring Street, Glasgow, G52 6HQ",G52 6HQ,0044 141 496 0485,sales@selectcarsupermarket.co.uk,Birtwistle Holdings Limited t/a Select Car Supermarket Co. No SC284278 VAT: GB394906608 We are authorised and regulated by the FCA (886641).,SC284278,GB394906608,886641,FinanceCalc Pro,,19.9%,,,4.5/5,818,3.4,https://www.facebook.com/selectcarsupermarket,,"Mon-Fri 9am-6pm, Sat 9am-5pm, Sun Closed",,,yes,TRUE,1356,804,be5e6fa974b83b1b5a51145e89089d06,
CRW-00025,2026-09-03T14:26:00Z,https://www.advancecarsupermarket.uk/about-us,https://www.advancecarsupermarket.uk/about-us,200,about,Advance Car Supermarket | Used Cars in Bristol,Quality used cars in Bristol,"Find your next car at Advance Car Supermarket, Bristol. Finance available.",Haworth Holdings Limited,"Unit 1A, Kingsway Trading Estate, Wharf Road, Bristol, BS3 7JN",BS37JN,0117 496 0764,hello@advancecarsupermarket.uk;service@advancecarsupermarket.uk,"© Advance Car Supermarket 2024 | VAT: GB942670913 | We are authorised and regulated by the FCA (921386). | Registered office: Unit 1A, Kingsway Trading Estate, Bristol",,GB942670913,921386,,,,DealerSites UK,4.3.3,4.8,682 reviews,,https://www.facebook.com/advancecarsupermarket,,,,,yes,yes,1896,2570,640533126f6a96bc594793f20bc12f43,
CRW-00071,2026-08-20T19:14:00Z,https://www.kenworthymotorcompany.co.uk/used-cars,https://www.kenworthymotorcompany.co.uk/used-cars,200,stock,Used Cars Glasgow | Kenworthy Motor Company,Quality used cars in Glasgow,"Find your next car at Kenworthy Motor Company, Glasgow. Finance available.",KENWORTHY MOTOR COMPANY,,,0044 141 496 0381,hello@kenworthymotorcompany.co.uk,"Kenworthy Motor Company (UK) Limited t/a Kenworthy Motor Company FCA FRN: 860316 Registered office: The Old Foundry, Glasgow",,,,AutoQuote,"Lantern Motor Finance, Meridian Auto Loans",10.9%,Squarespace,3.5.8,4.1/5,433,4.1,,,Mon - Sat: 09:00 - 18:00 Sunday: 10:00 - 16:00,,1,,true,1069,882,7e05996ddbe157ef0bfe60c8de6191de,en
CRW-00069,2026-09-14T21:13:00Z,https://www.qualitycarsupermarket.uk/contact-us,https://www.qualitycarsupermarket.uk/contact-us,200,contact,Used Cars Manchester | Quality Car Supermarket,,,Sowerby Holdings Limited,"Unit 8A, The Old Foundry, Trinity Way, Manchester, Greater Manchester, M11 8UB",M11 8UB,0161 496 0029,hello@qualitycarsupermarket.uk,© Quality Car Supermarket 2024 Company number 05279465 VAT: 268375422 Firm Reference Number 662349,05279465,268375422,,,,,CarCMS,,4.8,250 reviews,,https://www.facebook.com/qualitycarsupermarket,https://instagram.com/qualitycarsupe,Monday to Saturday 9-5.30,,true,no,1,969,1335,7340de9aaf849d5c26ad4daeba4017ba,
CRW-00053,2026-08-26T12:32:00Z,http://www.regalcarsupermarketwarrington.co.uk/,https://www.regalcarsupermarketwarrington.co.uk/,200,home,Regal Car Supermarket | Used Cars in Warrington,Welcome to Regal Car Supermarket,,,"21-192 Parkway, Warrington, WA1 9WZ",,01632 960077,enquiries@regalcarsupermarketwarrington.co.uk;parts@regalcarsupermarketwarrington.co.uk,Copyright Regal Car Supermarket Limited 2024 VAT Registration Number GB 625284538 Authorised and regulated by the Financial Conduct Authority FRN 739209.,,625284538,,PayMonthly Widget,,11.9%,,,4.0,338,,https://www.facebook.com/regalcarsupermarket,,"Mon-Fri 9am-6pm, Sat 9am-5pm, Sun Closed",230,true,3 months,true,1501,2810,e1232b1889c20603f1e0d92e4800dd12,en-GB
CRW-00082,2026-08-27T08:50:00Z,https://yardleycarcentre.uk/,https://yardleycarcentre.uk/,200,home,Used Cars Liverpool | Yardley Car Centre,Quality used cars in Liverpool,Yardley Car Centre are an independent used car dealer based in Liverpool.,Yardley Car Centre,"Riverside Business Park, 29 Hall Lane, Liverpool, L9 2YE",L92YE,"+44 151 496 0042,07700 900301",contact@yardleycarcentre.uk,Yardley Car Centre Limited t/a Yardley Car Centre | VAT Registration Number GB753070057 | Firm Reference Number 775812,,753070057,775812,,,,Motorsite,3.1.19,,,3.6,https://www.facebook.com/yardleycarcentre,https://instagram.com/yardleycarcent,Monday to Saturday 9-5.30,83,Y,,TRUE,2140,2704,feaf68fa4d67a543e33a690778c26d12,en-US
CRW-00163,2026-09-09T21:22:00Z,http://www.ihmotors.uk/about-us,https://www.ihmotors.uk/about-us,200,about,IH Motors - About,IH Motors,"Find your next car at IH Motors, Birmingham. Finance available.",IH Motors,,,0121 496 0168,,IH Motors is a trading style of Imran Hussain. VAT No. 596905582,,596905582,,,,,CarCMS,3.2.17,,,,,https://instagram.com/ihmotors,Mon - Sat: 09:00 - 18:00 Sunday: 10:00 - 16:00,,1,no,,603,1396,a3d1b698389dd8701ce4cf900d1ace82,en-GB
CRW-00107,2026-09-18T11:58:00Z,http://www.wolstenholmeautosbirmingham.co.uk/,https://www.wolstenholmeautosbirmingham.co.uk/,200,home,Used Cars Birmingham | Wolstenholme Autos,Welcome to Wolstenholme Autos,Wolstenholme Autos are an independent used car dealer based in Birmingham.,Wolstenholme Autos Limited,"124 Leek Road, Birmingham, B24 1ZN",B241ZN,01214960508,hello@wolstenholmeautosbirmingham.co.uk,"© Wolstenholme Autos 2025 | Company Reg: 07093337 | VAT Reg: 694168300 | We are a credit broker, not a lender.",07093337,694168300,,QuoteWare,Pennine Vehicle Finance; Northbridge Motor Finance; Lantern Motor Finance,12.9%,Wix,,3.9,745,3.6,,,Mon - Sat: 09:00 - 18:00 Sunday: 10:00 - 16:00,,,,0,152,1669,5e17e8cb0b54662a9a7769da2390a778,en-GB
CRW-00060,2026-09-04T12:31:00Z,https://www.apexautocentrechesterfield.co.uk/,https://www.apexautocentrechesterfield.co.uk/,200,home,Apex Autocentre - Home,,,Apex Autocentre Limited,"Northgate Retail Park, 11 Chapel Street, Chesterfield, Derbyshire, S40 6TZ",S406TZ,01632 960529,hello@apexautocentrechesterfield.co.uk;parts@apexautocentrechesterfield.co.uk,© 2025 Apex Autocentre Limited. All rights reserved. | Co. No 03820828 | VAT Registration Number GB 708878585 | FCA FRN: 788449,,708878585,788449,,,,,,3.9/5,351 reviews,,,,Monday to Saturday 9-5.30,22,true,no,0,1806,1516,da42170a18fbf08aaa67eab37ce00bec,en
CRW-00073,2026-08-27T08:11:00Z,http://www.garsideandsonsreading.co.uk/,https://www.garsideandsonsreading.co.uk/,200,home,GARSIDE & SONS | Quality Used Cars,,,Garside & Sons,"Unit 22A, Kingsway Trading Estate, Station Road, Reading, RG30 4UY",RG30 4UY,+44 118 496 0384,contact@garsideandsonsreading.co.uk;garsideand11@gmail.com,Garside & Sons Limited t/a Garside & Sons Registered in England & Wales No. 10278464,10278464,,,QuoteWare,"Harbour Finance, Northbridge Motor Finance",Representative APR 19.9%,CarCMS,6.0.11,4.4,763,,,,"Mon-Fri 9am-6pm, Sat 9am-5pm, Sun Closed",,true,no,1,629,1066,5ba5a05fcef24d400065fe9657137754,
CRW-00035,2026-09-03T21:20:00Z,http://www.cucars.co.uk/finance,https://www.cucars.co.uk/finance,200,finance,CU Cars | Used Cars in Birmingham,CU Cars,,CU Cars Limited,"183 Albion Street, Birmingham, West Midlands, B33 2UP",B33 2UP,"0121 496 0774,+447700900897",contact@cucars.co.uk,© CU Cars 2025 Company Reg: 14517477 VAT: 553 8488 05 Authorised and regulated by the Financial Conduct Authority FRN 991067.,14517477,,,AutoQuote,Northbridge Motor Finance,14.9,,,,,,https://www.facebook.com/cucars,,Monday to Saturday 9-5.30,,Y,3 months,0,1547,1000,bcef11f4b0bda84f570eac19755c4a6e,en-GB
CRW-00010,2026-09-16T01:23:00Z,https://selectcarsupermarket.co.uk/contact-us,https://selectcarsupermarket.co.uk/contact-us,200,contact,Select Car Supermarket - Contact,,,Select Car Supermarket,"Riverside Business Park, 12 Spring Street, Glasgow, G52 6HQ",G52 6HQ,+441414960485,sales@selectcarsupermarket.co.uk;service@selectcarsupermarket.co.uk;selectcars59@gmail.com,© Select Car Supermarket 2024 Company number SC284278 VAT Reg: GB394906608 FCA FRN: 886641,SC284278,GB394906608,886641,,,,,,4.5,818,,,,Monday to Saturday 9-5.30,,Y,3 months,yes,1502,1027,dee336d4c4c215e4bd0bc31e3295f8c0,en-GB
CRW-00016,2026-09-27T01:58:00Z,http://www.hartleycarsales.co.uk/contact-us,https://www.hartleycarsales.co.uk/contact-us,200,contact,HARTLEY CAR SALES | Quality Used Cars,,"Find your next car at Hartley Car Sales, Leicester. Finance available.",,"Unit 9, The Old Foundry, Church Street, Leicester, LE5 1UF",LE5 1UF,0044 116 496 0773,enquiries@hartleycarsales.co.uk;finance@hartleycarsales.co.uk,"© Hartley Car Sales 2024 | Company number 02578182 | Firm Reference Number 894672 | Registered office: Northgate Retail Park, Leicester",02578182,,894672,,,,Wix,,4.4,788,,https://www.facebook.com/hartleycarsales,https://instagram.com/hartleycarsale,"Mon-Fri 9am-6pm, Sat 9am-5pm, Sun Closed",,,3 months,yes,2325,1740,968f8b8f3edb9e156c92c9f53c8c5a94,en-US
CRW-00018,2026-08-29T05:44:00Z,https://peakautocentre.co.uk/finance,https://peakautocentre.co.uk/finance,200,finance,Welcome to Peak Autocentre,,"Find your next car at Peak Autocentre, Newcastle upon Tyne. Finance available.",Peak Autocentre Limited,,,0191 498 0986,sales@peakautocentre.co.uk;peakautoce61@gmail.com,"Peak Autocentre Limited t/a Peak Autocentre VAT Reg: GB 450283174 Peak Autocentre Limited is an Appointed Representative of Autolink Credit Partners Limited who are authorised and regulated by the Financial Conduct Authority (FRN 628633). Registered office: Unit 18A, Northgate Retail Park, Newcastle upon Tyne",,,,,,,,,4.1,563,3.0,https://www.facebook.com/peakautocentre,,Monday to Saturday 9-5.30,,,,1,482,1618,52d6f04d579355fc9190458490c3d202,en-US
CRW-00005,2026-09-28T03:19:00Z,https://www.akcars.co.uk/,https://www.akcars.co.uk/,200,home,AK CARS | Quality Used Cars,AK Cars,,AK Cars,"Unit 26A, Riverside Business Park, Moor Lane, Bolton, Greater Manchester, BL1 2RD",BL1 2RD,01632 960026,info@akcars.co.uk;parts@akcars.co.uk,AK Cars (UK) Limited t/a AK Cars Registered in England & Wales No. 11151133 VAT No. GB 702838246 Firm Reference Number 913639,11151133,702838246,913639,,,,Squarespace,3.5.8,3.6,536,,,https://instagram.com/akcars,By appointment,,1,3 months,TRUE,1704,3156,a255c0f7eed735ad8ca41ac15ba3c2cf,en-GB
CRW-00037,2026-09-28T03:58:00Z,https://www.peakcars.co.uk/contact-us,https://www.peakcars.co.uk/contact-us,200,contact,PEAK CARS | Quality Used Cars,,"Find your next car at Peak Cars, Preston. Finance available.",Peak Cars Limited,"Northgate Retail Park, King Street, Preston, PR2 3RF",PR23RF,01632960768,,"Peak Cars Limited t/a Peak Cars | Registered in England & Wales No. 08849692 | Firm Reference Number 974441 | Registered office: Northgate Retail Park, Preston",08849692,,974441,,,,CarCMS,,,,,,https://instagram.com/peakcars,Mon - Sat: 09:00 - 18:00 Sunday: 10:00 - 16:00,,,12 month warranty,TRUE,265,2751,c519405753fa29d19bd0ae24119d1ad7,en-GB
CRW-00130,2026-09-18T04:32:00Z,http://www.glasgowautocentreglasgow.co.uk/used-cars,https://www.glasgowautocentreglasgow.co.uk/used-cars,200,stock,Glasgow Autocentre | Used Cars in Glasgow,Welcome to Glasgow Autocentre,,,,,+441414960364,,© Glasgow Autocentre 2026 Company number SC117044 VAT: 321 3944 79 IGZ Vehicle Sales Limited is an Appointed Representative of Autolink Credit Partners Limited who are authorised and regulated by the Financial Conduct Authority (FRN 628633).,SC117044,321 3944 79,628633,,,,,6.8.16,,,,,,"Mon-Fri 9am-6pm, Sat 9am-5pm, Sun Closed",,yes,,1,1169,1766,e2b843fb5021c8d35a62e6ac5176c6fa,en-GB
CRW-00142,2026-09-19T05:40:00Z,https://westonmotorgroup.co.uk/branches/crewe/contact-us,https://westonmotorgroup.co.uk/branches/crewe/contact-us,200,contact,Used Cars Crewe | Weston Motors Crewe,Weston Motors Crewe,Weston Motors Crewe are an independent used car dealer based in Crewe.,Weston Motor Group Limited,"The Old Foundry, Ring Road, Crewe, Cheshire, CW2 2TH",CW22TH,"01632960338,07700900420",,© 2025 Weston Motor Group Limited. All rights reserved. | Registered in England & Wales No. 05780177 | VAT Registration Number 969336568 | FCA FRN: 983390,05780177,969336568,,,,,Wix,,3.9,707,,https://www.facebook.com/westonmotorscrewe,https://instagram.com/westonmotorscr,Monday to Saturday 9-5.30,,,,TRUE,832,1177,438aaaf34e47071731b2c2d2e5cf0bcf,en-GB
CRW-00096,2026-09-16T07:48:00Z,https://openshawmotorcompany.com/contact-us,https://openshawmotorcompany.com/contact-us,200,contact,OPENSHAW MOTOR COMPANY | Quality Used Cars,Openshaw Motor Company,"Find your next car at Openshaw Motor Company, Wolverhampton. Finance available.",Openshaw Motor Company,"Unit 22, Riverside Business Park, Brook Lane, Wolverhampton, West Midlands, WV14 3XN",WV14 3XN,0044 1632 960150,enquiries@openshawmotorcompany.com,Copyright Dawson Holdings Limited 2024 VAT Reg: GB 415 5486 48 Dawson Holdings Limited is an Appointed Representative of Autolink Credit Partners Limited who are authorised and regulated by the Financial Conduct Authority (FRN 628633).,,GB 415 5486 48,628633,,,,,,3.8,796,,,,Monday to Saturday 9-5.30,,yes,,TRUE,675,228,83c3c6bd5ae9669bdead6bbd0ad1f406,en-US
CRW-00127,2026-09-16T20:58:00Z,http://www.sterlingcarsupermarket.co.uk/contact-us,https://www.sterlingcarsupermarket.co.uk/contact-us,200,contact,Used Cars Sheffield | Sterling Car Supermarket,Sterling Car Supermarket,"Find your next car at Sterling Car Supermarket, Sheffield. Finance available.",Sterling Car Supermarket Limited,"Unit 29A, Northgate Retail Park, Ring Road, Sheffield, S2 3DD",S23DD,"0114 496 0124,07700 900431",sales@sterlingcarsupermarket.co.uk,Copyright Sterling Car Supermarket Limited 2024 | Company Reg: 02786081 | VAT No. 502 5925 65 | Authorised and regulated by the Financial Conduct Authority FRN 648568.,,,648568,,,,,3.8.8,4.3/5,280,,,,Monday to Saturday 9-5.30,,true,3 months,yes,327,532,c19614845dcebcdbe798ac84b6419f6e,en-US
CRW-00116,2026-09-22T13:12:00Z,https://www.honestcarsupermarket.co.uk/used-cars,https://www.honestcarsupermarket.co.uk/used-cars,200,stock,Honest Car Supermarket | Used Cars in Cardiff,Honest Car Supermarket,Honest Car Supermarket are an independent used car dealer based in Cardiff.,,"Phoenix Court, Brook Lane, Cardiff, CF11 9JW",CF119JW,029 2018 0710,contact@honestcarsupermarket.co.uk,Copyright Honest Car Supermarket (UK) Limited 2025 | Co. No 3643696 | VAT No. 523 1806 73 | We are authorised and regulated by the FCA (651164).,3643696,523 1806 73,,AutoQuote,Lantern Motor Finance,9.9%,CarCMS,6.4.8,4.2,529 reviews,,,,"Mon-Fri 9am-6pm, Sat 9am-5pm, Sun Closed",92,yes,no,0,326,1244,f7f81a8d3f78d5118b3391a1eae1136b,en-GB
CRW-00147,2026-08-25T12:49:00Z,https://ashworthcarsbolton.com/used-cars,https://ashworthcarsbolton.com/used-cars,200,stock,Ashworth Cars Bolton - Stock,Welcome to Ashworth Cars Bolton,"Find your next car at Ashworth Cars Bolton, Bolton. Finance available.",Ashworth Cars Bolton,"The Old Foundry, Bath Street, Bolton, Greater Manchester, BL1 2YY",BL12YY,"01632960771,07700 900156",info@ashworthcarsbolton.com;service@ashworthcarsbolton.com,"© 2024 Ashworth Car Group Ltd. All rights reserved. Company Reg: 7847627 VAT Reg: GB 620 8304 72 Authorised and regulated by the Financial Conduct Authority FRN 615152. Registered office: Lowry House, Manchester",,GB 620 8304 72,615152,,,,,5.0.5,4.6,545,3.9,,,,189,,no,true,1189,2843,03ae42ef61c2ef905aba54a5ceb58409,en-US
CRW-00070,2026-08-21T16:29:00Z,http://www.qualitycarsupermarket.uk/used-cars,https://www.qualitycarsupermarket.uk/used-cars,200,stock,Used Cars Manchester | Quality Car Supermarket,Quality Car Supermarket,"Find your next car at Quality Car Supermarket, Manchester. Finance available.",Quality Car Supermarket,,,0044 161 496 0029,hello@qualitycarsupermarket.uk,Sowerby Holdings Limited t/a Quality Car Supermarket | Company Reg: 05279465 | VAT Registration Number GB 268 3754 22 | Firm Reference Number 662349,05279465,268 3754 22,662349,PayMonthly Widget,"Pennine Vehicle Finance, Meridian Auto Loans",12.9,CarCMS,6.5.20,4.8,250 reviews,,https://www.facebook.com/qualitycarsupermarket,https://instagram.com/qualitycarsupe,"Mon-Fri 9am-6pm, Sat 9am-5pm, Sun Closed",292,1,3 months,true,220,2376,55e8d7b17093306b67e934ad98e382f9,en-US
CRW-00135,2026-08-21T06:29:00Z,http://www.valuemotors.co.uk/used-cars,https://www.valuemotors.co.uk/used-cars,200,stock,VALUE MOTORS | Quality Used Cars,Welcome to Value Motors,Value Motors are an independent used car dealer based in Liverpool.,Value Motors,"Kingsway Trading Estate, Hall Lane, Liverpool, L36 3NA",L36 3NA,+44 151 496 0091,info@valuemotors.co.uk;valuemotor55@gmail.com,"Copyright Value Motors (UK) Limited 2025 | Registered in England & Wales No. 06890861 | VAT Registration Number GB 548 5091 24 | FCA FRN: 986634 | Registered office: Suite 4, Albion House, Macclesfield",,548 5091 24,986634,,,,CarCMS,,,,,,https://instagram.com/valuemotors,By appointment,,true,no,,879,1997,ad0ca2788becba61e7579b077a27f418,
CRW-00098,2026-09-04T08:39:00Z,http://www.ashgrovevehiclesalesmanchester.co.uk/contact-us,https://www.ashgrovevehiclesalesmanchester.co.uk/contact-us,200,contact,Used Cars Manchester | Ashgrove Vehicle Sales,Quality used cars in Manchester,"Find your next car at Ashgrove Vehicle Sales, Manchester. Finance available.",Ashgrove Vehicle Sales,"Riverside Business Park, Park Lane, Manchester, M11 8SQ",M11 8SQ,(0161) 496 0302,sales@ashgrovevehiclesalesmanchester.co.uk,© 2026 Ashgrove Vehicle Sales (UK) Limited. All rights reserved. Company number 13905523 Authorised and regulated by the Financial Conduct Authority FRN 801234.,,,,,,,,,4.9,392,3.3,,,,,,12 month warranty,true,507,1843,fd7db819ae40cb0f041a7a3adddd0358,en
CRW-00013,2026-09-03T00:10:00Z,http://www.qdcars.co.uk/,https://www.qdcars.co.uk/,200,home,QD Cars | Used Cars in Crewe,QD Cars,,,"8 Park Lane, Crewe, Cheshire, CW1 2WA",CW12WA,01632 960613,sales@qdcars.co.uk,QD Cars Limited t/a QD Cars | Company Reg: 07814783 | Authorised and regulated by the Financial Conduct Authority FRN 788050.,,,788050,,,,Motorsite,,,,,,,Mon - Sat: 09:00 - 18:00 Sunday: 10:00 - 16:00,172,Y,12 month warranty,true,1820,1836,843a7fd5a285554d7f7bc65a64333589,en-GB
CRW-00012,2026-09-15T09:10:00Z,http://www.selectcarsupermarket.co.uk/about-us,https://www.selectcarsupermarket.co.uk/about-us,200,about,SELECT CAR SUPERMARKET | Quality Used Cars,,,Select Car Supermarket,,,01414960485,sales@selectcarsupermarket.co.uk;finance@selectcarsupermarket.co.uk,© 2026 Birtwistle Holdings Limited. All rights reserved. | Registered in Scotland No. SC284278 | VAT No. GB394906608 | Firm Reference Number 886641,SC284278,394906608,886641,,,,Squarespace,,4.5,818,,https://www.facebook.com/selectcarsupermarket,https://instagram.com/selectcarsuper,,,true,12 month warranty,yes,349,2335,5a3c93b3c5cae2392636289e5c22a4ad,en-GB
CRW-00108,2026-09-28T03:26:00Z,https://wolstenholmeautosbirmingham.co.uk/finance,https://wolstenholmeautosbirmingham.co.uk/finance,200,finance,WOLSTENHOLME AUTOS | Quality Used Cars,,,Wolstenholme Autos Limited,,,01214960508 | 07700900093,hello@wolstenholmeautosbirmingham.co.uk,© Wolstenholme Autos 2025 | Registered in England & Wales No. 07093337,07093337,,,QuoteWare,,12.9,,,3.9/5,745,3.5,,,Mon - Sat: 09:00 - 18:00 Sunday: 10:00 - 16:00,,yes,3 months,1,1389,2481,55c4ca886216c5bf48ee678a488d9f13,
CRW-00090,2026-08-23T10:21:00Z,https://www.duckworthcarsales.co.uk/finance,https://www.duckworthcarsales.co.uk/finance,200,finance,Duckworth Car Sales - Finance,,,DUCKWORTH CAR SALES,,,01632960232,enquiries@duckworthcarsales.co.uk,"© 2024 Ainsley Holdings Limited. All rights reserved. Co. No 04134127 We are authorised and regulated by the FCA (604360). Registered office: Unit 15, Northgate Retail Park, Wolverhampton",04134127,,604360,QuoteWare,,14.9%,,3.8.12,3.4,330,,https://www.facebook.com/duckworthcarsales,,Mon - Sat: 09:00 - 18:00 Sunday: 10:00 - 16:00,,Y,12 month warranty,TRUE,1441,2558,b4c31727769b848d9e2771ad95b78634,en-US
CRW-00118,2026-08-29T07:38:00Z,https://www.bradycarsalesstockport.co.uk/,https://www.bradycarsalesstockport.co.uk/,200,home,BRADY CAR SALES | Quality Used Cars,Welcome to Brady Car Sales,"Find your next car at Brady Car Sales, Stockport. Finance available.",Brady Car Sales,"Riverside Business Park, 13-126 Hall Lane, Stockport, SK1 2QQ",SK1 2QQ,01632 960267,hello@bradycarsalesstockport.co.uk;finance@bradycarsalesstockport.co.uk,© Brady Car Sales 2026 Company Reg: 02619132 VAT No. GB 257360748 Firm Reference Number 666988,02619132,,666988,,,,Squarespace,2.9.20,,,,,,"Mon-Fri 9am-6pm, Sat 9am-5pm, Sun Closed",,true,12 month warranty,true,1687,815,ae1950186af09b649845e7e4dad22242,en-GB
CRW-00162,2026-09-08T14:48:00Z,http://www.lomaxcarsales.co.uk/about-us,https://www.lomaxcarsales.co.uk/about-us,200,about,Welcome to Lomax Car Sales,Quality used cars in Preston,"Find your next car at Lomax Car Sales, Preston. Finance available.",Lomax Car Sales,"Unit 15, Kingsway Trading Estate, Victoria Road, Preston, Lancashire, PR2 8GH",PR2 8GH,01632 960424,info@lomaxcarsales.co.uk;parts@lomaxcarsales.co.uk,"Lomax Car Sales is a trading style of Karen Lomax. Authorised and regulated by the Financial Conduct Authority FRN 775259. Registered office: Unit 15, Kingsway Trading Estate, Preston",,,775259,,,,DealerSites UK,,,,,https://www.facebook.com/lomaxcarsales,,,,true,no,1,345,1262,5da1e28bd66e03e9a41cc2c338693aa1,
CRW-00093,2026-09-17T03:25:00Z,https://www.shuttleworthautoshanley.co.uk/used-cars,https://www.shuttleworthautoshanley.co.uk/used-cars,200,stock,SHUTTLEWORTH AUTOS | Quality Used Cars,Quality used cars in Hanley,Shuttleworth Autos are an independent used car dealer based in Hanley.,,,,01632 960642,,Copyright Shuttleworth Autos Limited 2025 VAT Reg: GB911317069,,GB911317069,,FinanceCalc Pro,Harbour Finance|Northbridge Motor Finance|Pennine Vehicle Finance,12.9,Squarespace,3.7.4,3.9,24,4.7,,,Monday to Saturday 9-5.30,,true,3 months,,134,1803,0749de6f615cb15d264409957b220d9e,en-GB
CRW-00140,2026-08-19T06:59:00Z,http://www.holroydvehiclesales.co.uk/,https://www.holroydvehiclesales.co.uk/,200,home,Used Cars Leeds | Holroyd Vehicle Sales,Holroyd Vehicle Sales,,HOLROYD VEHICLE SALES,"Unit 26, Northgate Retail Park, Chapel Street, Leeds, West Yorkshire, LS6 8ZP",LS68ZP,+44 113 496 0229,info@holroydvehiclesales.co.uk,© Holroyd Vehicle Sales 2024 | Company number 05432434 | VAT No. GB 912 5117 57 | FCA FRN: 832436,05432434,912 5117 57,832436,AutoQuote,"Northbridge Motor Finance, Harbour Finance",Representative APR 13.9%,Squarespace,,,,,https://www.facebook.com/holroydvehiclesales,,Mon - Sat: 09:00 - 18:00 Sunday: 10:00 - 16:00,22,1,yes,,179,2463,2de444f2733fbda19a928779800182d6,
CRW-00157,2026-08-27T00:07:00Z,http://www.oneillmotors.london/contact-us,https://www.oneillmotors.london/contact-us,200,contact,O'Neill Motors - Contact,Welcome to O'Neill Motors,,O'NEILL MOTORS,"Kingsway Trading Estate, Trinity Way, London, E10 6FA",E10 6FA,+442079460499,,Copyright O'Neill Motor Company Limited 2024 | Registered in England & Wales No. 10865066 | O'Neill Motor Company Limited is an Appointed Representative of Motor Finance Network Limited who are authorised and regulated by the Financial Conduct Authority (FRN 752458).,10865066,,752458,,,,Squarespace,5.2.16,,,4.7,https://www.facebook.com/oneillmotors,https://instagram.com/oneillmotors,By appointment,,,no,,1576,758,75bb1216a2f284a50ebb79eeee0891bb,en-GB
